id,season,city,date,match_type,player_of_match,venue,team1,team2,toss_winner,toss_decision,winner,result,result_margin,target_runs,target_overs,super_over,method,umpire1,umpire2,match_id,target,chasing_team,chasing_win,prev_avg_target,relative_target,target_bin
335990,2007/08,Hyderabad,2008-04-24,League,YK Pathan,"Rajiv Gandhi International Stadium, Uppal",Deccan Chargers,Rajasthan Royals,Rajasthan Royals,field,Rajasthan Royals,wickets,3.0,215.0,20.0,N,,Asad Rauf,MR Benson,335990,215,Rajasthan Royals,1,143.0,1.5034965034965035,"(1.41, 1.544]"
335991,2007/08,Chandigarh,2008-04-25,League,KC Sangakkara,"Punjab Cricket Association Stadium, Mohali",Kings XI Punjab,Mumbai Indians,Mumbai Indians,field,Kings XI Punjab,runs,66.0,183.0,20.0,N,,Aleem Dar,AM Saheba,335991,183,Mumbai Indians,0,241.0,0.7593360995850622,"(0.743, 0.876]"
335992,2007/08,Bangalore,2008-04-26,League,SR Watson,M Chinnaswamy Stadium,Royal Challengers Bangalore,Rajasthan Royals,Rajasthan Royals,field,Rajasthan Royals,wickets,7.0,136.0,20.0,N,,MR Benson,IL Howell,335992,136,Rajasthan Royals,1,223.0,0.6098654708520179,"(0.609, 0.743]"
335993,2007/08,Chennai,2008-04-26,League,JDP Oram,"MA Chidambaram Stadium, Chepauk",Chennai Super Kings,Kolkata Knight Riders,Kolkata Knight Riders,bat,Chennai Super Kings,wickets,9.0,148.0,20.0,N,,BF Bowden,AV Jayaprakash,335993,148,Chennai Super Kings,1,209.0,0.7081339712918661,"(0.609, 0.743]"
335995,2007/08,Chandigarh,2008-04-27,League,SM Katich,"Punjab Cricket Association Stadium, Mohali",Kings XI Punjab,Delhi Daredevils,Delhi Daredevils,bat,Kings XI Punjab,wickets,4.0,159.0,20.0,N,,RE Koertzen,I Shivram,335995,159,Kings XI Punjab,1,212.0,0.75,"(0.743, 0.876]"
335996,2007/08,Bangalore,2008-04-28,League,MS Dhoni,M Chinnaswamy Stadium,Royal Challengers Bangalore,Chennai Super Kings,Chennai Super Kings,bat,Chennai Super Kings,runs,13.0,179.0,20.0,N,,BR Doctrove,RB Tiffin,335996,179,Royal Challengers Bangalore,0,179.5,0.9972144846796658,"(0.876, 1.01]"
335997,2007/08,Kolkata,2008-04-29,League,ST Jayasuriya,Eden Gardens,Kolkata Knight Riders,Mumbai Indians,Kolkata Knight Riders,bat,Mumbai Indians,wickets,7.0,138.0,20.0,N,,BF Bowden,AV Jayaprakash,335997,138,Mumbai Indians,1,111.0,1.2432432432432432,"(1.143, 1.277]"
335998,2007/08,Delhi,2008-04-30,League,GD McGrath,Feroz Shah Kotla,Delhi Daredevils,Royal Challengers Bangalore,Royal Challengers Bangalore,field,Delhi Daredevils,runs,10.0,192.0,20.0,N,,Aleem Dar,I Shivram,335998,192,Royal Challengers Bangalore,0,130.0,1.476923076923077,"(1.41, 1.544]"
335999,2007/08,Hyderabad,2008-05-01,League,SE Marsh,"Rajiv Gandhi International Stadium, Uppal",Deccan Chargers,Kings XI Punjab,Kings XI Punjab,field,Kings XI Punjab,wickets,7.0,165.0,20.0,N,,BR Doctrove,RB Tiffin,335999,165,Kings XI Punjab,1,179.0,0.9217877094972067,"(0.876, 1.01]"
336000,2007/08,Jaipur,2008-05-01,League,SA Asnodkar,Sawai Mansingh Stadium,Rajasthan Royals,Kolkata Knight Riders,Rajasthan Royals,bat,Rajasthan Royals,runs,45.0,197.0,20.0,N,,RE Koertzen,GA Pratapkumar,336000,197,Kolkata Knight Riders,0,167.0,1.1796407185628743,"(1.143, 1.277]"
336001,2007/08,Chennai,2008-05-02,League,V Sehwag,"MA Chidambaram Stadium, Chepauk",Chennai Super Kings,Delhi Daredevils,Chennai Super Kings,bat,Delhi Daredevils,wickets,8.0,170.0,20.0,N,,BF Bowden,K Hariharan,336001,170,Delhi Daredevils,1,178.5,0.9523809523809523,"(0.876, 1.01]"
336003,2007/08,Chandigarh,2008-05-03,League,IK Pathan,"Punjab Cricket Association Stadium, Mohali",Kings XI Punjab,Kolkata Knight Riders,Kings XI Punjab,bat,Kings XI Punjab,runs,9.0,179.0,20.0,N,,DJ Harper,I Shivram,336003,179,Kolkata Knight Riders,0,194.33333333333334,0.9210977701543739,"(0.876, 1.01]"
336034,2007/08,Bangalore,2008-05-03,League,P Kumar,M Chinnaswamy Stadium,Royal Challengers Bangalore,Deccan Chargers,Deccan Chargers,field,Royal Challengers Bangalore,runs,3.0,157.0,20.0,N,,BR Doctrove,SL Shastri,336034,157,Deccan Chargers,0,179.33333333333334,0.8754646840148699,"(0.743, 0.876]"
336004,2007/08,Mumbai,2008-05-04,League,SM Pollock,Dr DY Patil Sports Academy,Mumbai Indians,Delhi Daredevils,Delhi Daredevils,field,Mumbai Indians,runs,29.0,163.0,20.0,N,,IL Howell,RE Koertzen,336004,163,Delhi Daredevils,0,155.0,1.0516129032258064,"(1.01, 1.143]"
336005,2007/08,Jaipur,2008-05-04,League,Sohail Tanvir,Sawai Mansingh Stadium,Rajasthan Royals,Chennai Super Kings,Chennai Super Kings,bat,Rajasthan Royals,wickets,8.0,110.0,20.0,N,,Asad Rauf,AV Jayaprakash,336005,110,Rajasthan Royals,1,182.0,0.6043956043956044,"(0.476, 0.609]"
336006,2007/08,Bangalore,2008-05-05,League,S Sreesanth,M Chinnaswamy Stadium,Royal Challengers Bangalore,Kings XI Punjab,Kings XI Punjab,field,Kings XI Punjab,wickets,6.0,127.0,20.0,N,,SJ Davis,BR Doctrove,336006,127,Kings XI Punjab,1,173.75,0.7309352517985611,"(0.609, 0.743]"
336007,2007/08,Chennai,2008-05-06,League,AC Gilchrist,"MA Chidambaram Stadium, Chepauk",Chennai Super Kings,Deccan Chargers,Deccan Chargers,field,Deccan Chargers,wickets,7.0,145.0,20.0,N,,MR Benson,RB Tiffin,336007,145,Deccan Chargers,1,175.66666666666666,0.825426944971537,"(0.743, 0.876]"
336008,2007/08,Mumbai,2008-05-07,League,A Nehra,Dr DY Patil Sports Academy,Mumbai Indians,Rajasthan Royals,Mumbai Indians,field,Mumbai Indians,wickets,7.0,104.0,20.0,N,,DJ Harper,RE Koertzen,336008,104,Mumbai Indians,1,159.0,0.6540880503144654,"(0.609, 0.743]"
336009,2007/08,Delhi,2008-05-08,League,MS Dhoni,Feroz Shah Kotla,Delhi Daredevils,Chennai Super Kings,Chennai Super Kings,field,Chennai Super Kings,wickets,4.0,188.0,20.0,N,,Aleem Dar,RB Tiffin,336009,188,Chennai Super Kings,1,161.0,1.1677018633540373,"(1.143, 1.277]"
336010,2007/08,Kolkata,2008-05-08,League,SC Ganguly,Eden Gardens,Kolkata Knight Riders,Royal Challengers Bangalore,Kolkata Knight Riders,bat,Kolkata Knight Riders,runs,5.0,130.0,16.0,N,,Asad Rauf,IL Howell,336010,130,Royal Challengers Bangalore,0,124.5,1.0441767068273093,"(1.01, 1.143]"
336011,2007/08,Jaipur,2008-05-09,League,YK Pathan,Sawai Mansingh Stadium,Rajasthan Royals,Deccan Chargers,Rajasthan Royals,field,Rajasthan Royals,wickets,8.0,141.0,20.0,N,,MR Benson,AM Saheba,336011,141,Rajasthan Royals,1,158.0,0.8924050632911392,"(0.876, 1.01]"
336013,2007/08,Chennai,2008-05-10,League,L Balaji,"MA Chidambaram Stadium, Chepauk",Chennai Super Kings,Kings XI Punjab,Kings XI Punjab,field,Chennai Super Kings,runs,18.0,182.0,20.0,N,,AV Jayaprakash,BG Jerling,336013,182,Kings XI Punjab,0,168.0,1.0833333333333333,"(1.01, 1.143]"
336014,2007/08,Hyderabad,2008-05-11,League,SC Ganguly,"Rajiv Gandhi International Stadium, Uppal",Deccan Chargers,Kolkata Knight Riders,Kolkata Knight Riders,bat,Kolkata Knight Riders,runs,23.0,205.0,20.0,N,,IL Howell,AM Saheba,336014,205,Deccan Chargers,0,174.33333333333334,1.1759082217973231,"(1.143, 1.277]"
336015,2007/08,Jaipur,2008-05-11,League,SR Watson,Sawai Mansingh Stadium,Rajasthan Royals,Delhi Daredevils,Rajasthan Royals,field,Rajasthan Royals,wickets,3.0,157.0,20.0,N,,SJ Davis,RE Koertzen,336015,157,Rajasthan Royals,1,153.75,1.021138211382114,"(1.01, 1.143]"
336016,2007/08,Chandigarh,2008-05-12,League,SE Marsh,"Punjab Cricket Association Stadium, Mohali",Kings XI Punjab,Royal Challengers Bangalore,Royal Challengers Bangalore,bat,Kings XI Punjab,wickets,9.0,144.0,20.0,N,,BR Doctrove,I Shivram,336016,144,Kings XI Punjab,1,190.5,0.7559055118110236,"(0.743, 0.876]"
336017,2007/08,Kolkata,2008-05-13,League,Shoaib Akhtar,Eden Gardens,Kolkata Knight Riders,Delhi Daredevils,Kolkata Knight Riders,bat,Kolkata Knight Riders,runs,23.0,134.0,20.0,N,,Asad Rauf,IL Howell,336017,134,Delhi Daredevils,0,126.33333333333333,1.0606860158311346,"(1.01, 1.143]"
336018,2007/08,Mumbai,2008-05-14,League,ST Jayasuriya,Wankhede Stadium,Mumbai Indians,Chennai Super Kings,Mumbai Indians,field,Mumbai Indians,wickets,9.0,157.0,20.0,N,,BR Doctrove,AM Saheba,336018,157,Mumbai Indians,1,166.0,0.9457831325301205,"(0.876, 1.01]"
336020,2007/08,Delhi,2008-05-15,League,A Mishra,Feroz Shah Kotla,Delhi Daredevils,Deccan Chargers,Deccan Chargers,field,Delhi Daredevils,runs,12.0,195.0,20.0,N,,BG Jerling,GA Pratapkumar,336020,195,Deccan Chargers,0,170.0,1.1470588235294117,"(1.143, 1.277]"
336021,2007/08,Mumbai,2008-05-16,League,SM Pollock,Wankhede Stadium,Mumbai Indians,Kolkata Knight Riders,Mumbai Indians,field,Mumbai Indians,wickets,8.0,68.0,20.0,N,,BR Doctrove,DJ Harper,336021,68,Mumbai Indians,1,161.5,0.42105263157894735,"(0.341, 0.476]"
336022,2007/08,Delhi,2008-05-17,League,DPMD Jayawardene,Feroz Shah Kotla,Delhi Daredevils,Kings XI Punjab,Delhi Daredevils,bat,Kings XI Punjab,runs,6.0,89.0,8.0,N,D/L,AV Jayaprakash,RE Koertzen,336022,119,Kings XI Punjab,1,176.25,0.675177304964539,"(0.609, 0.743]"
336023,2007/08,Jaipur,2008-05-17,League,GC Smith,Sawai Mansingh Stadium,Rajasthan Royals,Royal Challengers Bangalore,Royal Challengers Bangalore,field,Rajasthan Royals,runs,65.0,198.0,20.0,N,,BF Bowden,SL Shastri,336023,198,Royal Challengers Bangalore,0,154.4,1.282383419689119,"(1.277, 1.41]"
336024,2007/08,Hyderabad,2008-05-18,League,DJ Bravo,"Rajiv Gandhi International Stadium, Uppal",Deccan Chargers,Mumbai Indians,Deccan Chargers,field,Mumbai Indians,runs,25.0,179.0,20.0,N,,BR Doctrove,DJ Harper,336024,179,Deccan Chargers,0,182.0,0.9835164835164835,"(0.876, 1.01]"
336025,2007/08,Kolkata,2008-05-18,League,M Ntini,Eden Gardens,Kolkata Knight Riders,Chennai Super Kings,Kolkata Knight Riders,bat,Chennai Super Kings,runs,3.0,53.0,8.0,N,D/L,Asad Rauf,K Hariharan,336025,150,Chennai Super Kings,1,128.25,1.1695906432748537,"(1.143, 1.277]"
336026,2007/08,Bangalore,2008-05-19,League,SP Goswami,M Chinnaswamy Stadium,Royal Challengers Bangalore,Delhi Daredevils,Delhi Daredevils,field,Delhi Daredevils,wickets,5.0,155.0,20.0,N,,SJ Davis,GA Pratapkumar,336026,155,Delhi Daredevils,1,164.4,0.9428223844282239,"(0.876, 1.01]"
336027,2007/08,Kolkata,2008-05-20,League,YK Pathan,Eden Gardens,Kolkata Knight Riders,Rajasthan Royals,Rajasthan Royals,field,Rajasthan Royals,wickets,6.0,148.0,20.0,N,,BG Jerling,RE Koertzen,336027,148,Rajasthan Royals,1,132.6,1.1161387631975868,"(1.01, 1.143]"
336028,2007/08,Mumbai,2008-05-21,League,SE Marsh,Wankhede Stadium,Mumbai Indians,Kings XI Punjab,Mumbai Indians,field,Kings XI Punjab,runs,1.0,190.0,20.0,N,,BF Bowden,GA Pratapkumar,336028,190,Mumbai Indians,0,130.33333333333334,1.4578005115089514,"(1.41, 1.544]"
336029,2007/08,Chennai,2008-05-21,League,A Kumble,"MA Chidambaram Stadium, Chepauk",Chennai Super Kings,Royal Challengers Bangalore,Royal Challengers Bangalore,bat,Royal Challengers Bangalore,runs,14.0,127.0,20.0,N,,DJ Harper,I Shivram,336029,127,Chennai Super Kings,0,170.8,0.743559718969555,"(0.743, 0.876]"
336031,2007/08,Chandigarh,2008-05-23,League,SE Marsh,"Punjab Cricket Association Stadium, Mohali",Kings XI Punjab,Deccan Chargers,Kings XI Punjab,field,Kings XI Punjab,wickets,6.0,176.0,20.0,N,,Asad Rauf,SJ Davis,336031,176,Kings XI Punjab,1,181.2,0.9713024282560707,"(0.876, 1.01]"
336032,2007/08,Delhi,2008-05-24,League,KD Karthik,Feroz Shah Kotla,Delhi Daredevils,Mumbai Indians,Delhi Daredevils,field,Delhi Daredevils,wickets,5.0,177.0,20.0,N,,BF Bowden,K Hariharan,336032,177,Delhi Daredevils,1,164.8,1.0740291262135921,"(1.01, 1.143]"
336033,2007/08,Chennai,2008-05-24,League,JA Morkel,"MA Chidambaram Stadium, Chepauk",Chennai Super Kings,Rajasthan Royals,Rajasthan Royals,bat,Rajasthan Royals,runs,10.0,212.0,20.0,N,,DJ Harper,SL Shastri,336033,212,Chennai Super Kings,0,163.5,1.2966360856269112,"(1.277, 1.41]"
336002,2007/08,Hyderabad,2008-05-25,League,R Vinay Kumar,"Rajiv Gandhi International Stadium, Uppal",Deccan Chargers,Royal Challengers Bangalore,Deccan Chargers,bat,Royal Challengers Bangalore,wickets,5.0,166.0,20.0,N,,Asad Rauf,RE Koertzen,336002,166,Royal Challengers Bangalore,1,181.4,0.9151047409040793,"(0.876, 1.01]"
336035,2007/08,Kolkata,2008-05-25,League,Umar Gul,Eden Gardens,Kolkata Knight Riders,Kings XI Punjab,Kings XI Punjab,bat,Kolkata Knight Riders,wickets,3.0,175.0,20.0,N,,SJ Davis,I Shivram,336035,175,Kolkata Knight Riders,1,135.16666666666666,1.2946979038224415,"(1.277, 1.41]"
336036,2007/08,Jaipur,2008-05-26,League,Sohail Tanvir,Sawai Mansingh Stadium,Rajasthan Royals,Mumbai Indians,Rajasthan Royals,field,Rajasthan Royals,wickets,5.0,146.0,20.0,N,,BF Bowden,K Hariharan,336036,146,Rajasthan Royals,1,161.66666666666666,0.9030927835051547,"(0.876, 1.01]"
336037,2007/08,Hyderabad,2008-05-27,League,SK Raina,"Rajiv Gandhi International Stadium, Uppal",Deccan Chargers,Chennai Super Kings,Deccan Chargers,bat,Chennai Super Kings,wickets,7.0,148.0,20.0,N,,BG Jerling,AM Saheba,336037,148,Chennai Super Kings,1,178.83333333333334,0.8275862068965517,"(0.743, 0.876]"
336012,2007/08,Bangalore,2008-05-28,League,CRD Fernando,M Chinnaswamy Stadium,Royal Challengers Bangalore,Mumbai Indians,Mumbai Indians,field,Mumbai Indians,wickets,9.0,123.0,18.0,N,,BF Bowden,AV Jayaprakash,336012,123,Mumbai Indians,1,162.83333333333334,0.7553735926305015,"(0.743, 0.876]"
336019,2007/08,Chandigarh,2008-05-28,League,SE Marsh,"Punjab Cricket Association Stadium, Mohali",Kings XI Punjab,Rajasthan Royals,Rajasthan Royals,field,Kings XI Punjab,runs,41.0,222.0,20.0,N,,SJ Davis,K Hariharan,336019,222,Rajasthan Royals,0,180.33333333333334,1.2310536044362292,"(1.143, 1.277]"
336038,2007/08,Mumbai,2008-05-30,Semi Final,SR Watson,Wankhede Stadium,Delhi Daredevils,Rajasthan Royals,Delhi Daredevils,field,Rajasthan Royals,runs,105.0,193.0,20.0,N,,BF Bowden,RE Koertzen,336038,193,Delhi Daredevils,0,145.25,1.3287435456110155,"(1.277, 1.41]"
336039,2007/08,Mumbai,2008-05-31,Semi Final,M Ntini,Wankhede Stadium,Chennai Super Kings,Kings XI Punjab,Kings XI Punjab,bat,Chennai Super Kings,wickets,9.0,113.0,20.0,N,,Asad Rauf,DJ Harper,336039,113,Chennai Super Kings,1,154.8,0.7299741602067183,"(0.609, 0.743]"
336040,2007/08,Mumbai,2008-06-01,Final,YK Pathan,Dr DY Patil Sports Academy,Chennai Super Kings,Rajasthan Royals,Rajasthan Royals,field,Rajasthan Royals,wickets,3.0,164.0,20.0,N,,BF Bowden,RE Koertzen,336040,164,Rajasthan Royals,1,140.66666666666666,1.1658767772511849,"(1.143, 1.277]"
392182,2009,Cape Town,2009-04-18,League,R Dravid,Newlands,Royal Challengers Bangalore,Rajasthan Royals,Royal Challengers Bangalore,bat,Royal Challengers Bangalore,runs,75.0,134.0,20.0,N,,BR Doctrove,RB Tiffin,392182,134,Rajasthan Royals,0,166.0,0.8072289156626506,"(0.743, 0.876]"
392183,2009,Cape Town,2009-04-19,League,DL Vettori,Newlands,Delhi Daredevils,Kings XI Punjab,Delhi Daredevils,field,Delhi Daredevils,wickets,10.0,54.0,6.0,N,D/L,MR Benson,SD Ranade,392183,105,Delhi Daredevils,1,150.0,0.7,"(0.609, 0.743]"
392184,2009,Cape Town,2009-04-19,League,RP Singh,Newlands,Deccan Chargers,Kolkata Knight Riders,Kolkata Knight Riders,bat,Deccan Chargers,wickets,8.0,102.0,20.0,N,,MR Benson,BR Doctrove,392184,102,Deccan Chargers,1,135.0,0.7555555555555555,"(0.743, 0.876]"
392188,2009,Cape Town,2009-04-22,League,AC Gilchrist,Newlands,Royal Challengers Bangalore,Deccan Chargers,Deccan Chargers,bat,Deccan Chargers,runs,24.0,185.0,20.0,N,,M Erasmus,AM Saheba,392188,185,Royal Challengers Bangalore,0,126.75,1.4595660749506902,"(1.41, 1.544]"
392189,2009,Durban,2009-04-23,League,AB de Villiers,Kingsmead,Chennai Super Kings,Delhi Daredevils,Delhi Daredevils,bat,Delhi Daredevils,runs,9.0,190.0,20.0,N,,BR Doctrove,SJA Taufel,392189,190,Chennai Super Kings,0,159.0,1.1949685534591195,"(1.143, 1.277]"
392190,2009,Cape Town,2009-04-23,League,YK Pathan,Newlands,Kolkata Knight Riders,Rajasthan Royals,Kolkata Knight Riders,field,Rajasthan Royals,tie,,151.0,20.0,Y,,MR Benson,M Erasmus,392190,151,Kolkata Knight Riders,0,138.4,1.0910404624277457,"(1.01, 1.143]"
392191,2009,Durban,2009-04-24,League,RS Bopara,Kingsmead,Royal Challengers Bangalore,Kings XI Punjab,Royal Challengers Bangalore,bat,Kings XI Punjab,wickets,7.0,169.0,20.0,N,,BR Doctrove,TH Wijewardene,392191,169,Kings XI Punjab,1,174.5,0.9684813753581661,"(0.876, 1.01]"
392192,2009,Durban,2009-04-25,League,PP Ojha,Kingsmead,Deccan Chargers,Mumbai Indians,Deccan Chargers,bat,Deccan Chargers,runs,12.0,169.0,20.0,N,,HDPK Dharmasena,SJA Taufel,392192,169,Mumbai Indians,0,172.66666666666666,0.9787644787644788,"(0.876, 1.01]"
392194,2009,Port Elizabeth,2009-04-26,League,TM Dilshan,St George's Park,Royal Challengers Bangalore,Delhi Daredevils,Royal Challengers Bangalore,bat,Delhi Daredevils,wickets,6.0,150.0,20.0,N,,S Asnani,BG Jerling,392194,150,Delhi Daredevils,1,180.0,0.8333333333333334,"(0.743, 0.876]"
392195,2009,Cape Town,2009-04-26,League,KC Sangakkara,Newlands,Kings XI Punjab,Rajasthan Royals,Kings XI Punjab,bat,Kings XI Punjab,runs,27.0,140.0,20.0,N,,M Erasmus,K Hariharan,392195,140,Rajasthan Royals,0,140.5,0.99644128113879,"(0.876, 1.01]"
392196,2009,Durban,2009-04-27,League,HH Gibbs,Kingsmead,Chennai Super Kings,Deccan Chargers,Deccan Chargers,field,Deccan Chargers,wickets,6.0,166.0,20.0,N,,IL Howell,TH Wijewardene,392196,166,Deccan Chargers,1,171.75,0.9665211062590975,"(0.876, 1.01]"
392197,2009,Port Elizabeth,2009-04-27,League,SR Tendulkar,St George's Park,Kolkata Knight Riders,Mumbai Indians,Mumbai Indians,bat,Mumbai Indians,runs,92.0,188.0,20.0,N,,BG Jerling,RB Tiffin,392197,188,Kolkata Knight Riders,0,165.0,1.1393939393939394,"(1.01, 1.143]"
392199,2009,Durban,2009-04-29,League,MV Boucher,Kingsmead,Royal Challengers Bangalore,Kolkata Knight Riders,Kolkata Knight Riders,bat,Royal Challengers Bangalore,wickets,5.0,140.0,20.0,N,,MR Benson,TH Wijewardene,392199,140,Royal Challengers Bangalore,1,170.6,0.82063305978898,"(0.743, 0.876]"
392200,2009,Durban,2009-04-29,League,KC Sangakkara,Kingsmead,Kings XI Punjab,Mumbai Indians,Kings XI Punjab,bat,Kings XI Punjab,runs,3.0,120.0,20.0,N,,MR Benson,SL Shastri,392200,120,Mumbai Indians,0,165.5,0.7250755287009063,"(0.609, 0.743]"
392201,2009,Centurion,2009-04-30,League,DP Nannes,SuperSport Park,Deccan Chargers,Delhi Daredevils,Delhi Daredevils,field,Delhi Daredevils,wickets,6.0,149.0,20.0,N,,GAV Baxter,AM Saheba,392201,149,Delhi Daredevils,1,144.0,1.0347222222222223,"(1.01, 1.143]"
392202,2009,Centurion,2009-04-30,League,SK Raina,SuperSport Park,Chennai Super Kings,Rajasthan Royals,Rajasthan Royals,field,Chennai Super Kings,runs,38.0,165.0,20.0,N,,GAV Baxter,RE Koertzen,392202,165,Rajasthan Royals,0,146.5,1.1262798634812288,"(1.01, 1.143]"
392204,2009,Durban,2009-05-01,League,Yuvraj Singh,Kingsmead,Royal Challengers Bangalore,Kings XI Punjab,Royal Challengers Bangalore,bat,Royal Challengers Bangalore,runs,8.0,146.0,20.0,N,,HDPK Dharmasena,S Ravi,392204,146,Kings XI Punjab,0,159.0,0.9182389937106918,"(0.876, 1.01]"
392205,2009,Port Elizabeth,2009-05-02,League,YK Pathan,St George's Park,Deccan Chargers,Rajasthan Royals,Deccan Chargers,bat,Rajasthan Royals,wickets,3.0,142.0,20.0,N,,S Asnani,BG Jerling,392205,142,Rajasthan Royals,1,172.66666666666666,0.8223938223938224,"(0.743, 0.876]"
392207,2009,Port Elizabeth,2009-05-03,League,DPMD Jayawardene,St George's Park,Kings XI Punjab,Kolkata Knight Riders,Kolkata Knight Riders,bat,Kings XI Punjab,wickets,6.0,154.0,20.0,N,,S Asnani,MR Benson,392207,154,Kings XI Punjab,1,165.0,0.9333333333333333,"(0.876, 1.01]"
392208,2009,Johannesburg,2009-05-03,League,JH Kallis,New Wanderers Stadium,Royal Challengers Bangalore,Mumbai Indians,Mumbai Indians,bat,Royal Challengers Bangalore,wickets,9.0,150.0,20.0,N,,RE Koertzen,TH Wijewardene,392208,150,Royal Challengers Bangalore,1,164.0,0.9146341463414634,"(0.876, 1.01]"
392209,2009,East London,2009-05-04,League,MS Dhoni,Buffalo Park,Chennai Super Kings,Deccan Chargers,Chennai Super Kings,bat,Chennai Super Kings,runs,78.0,179.0,20.0,N,,BR Doctrove,M Erasmus,392209,179,Deccan Chargers,0,149.0,1.2013422818791946,"(1.143, 1.277]"
392210,2009,Durban,2009-05-05,League,GC Smith,Kingsmead,Kings XI Punjab,Rajasthan Royals,Kings XI Punjab,field,Rajasthan Royals,runs,78.0,212.0,20.0,N,,SS Hazare,IL Howell,392210,212,Kings XI Punjab,0,157.375,1.347100873709293,"(1.277, 1.41]"
392211,2009,Durban,2009-05-05,League,G Gambhir,Kingsmead,Delhi Daredevils,Kolkata Knight Riders,Kolkata Knight Riders,bat,Delhi Daredevils,wickets,9.0,155.0,20.0,N,,GAV Baxter,IL Howell,392211,155,Delhi Daredevils,1,163.44444444444446,0.9483344663494221,"(0.876, 1.01]"
392212,2009,Centurion,2009-05-06,League,RG Sharma,SuperSport Park,Deccan Chargers,Mumbai Indians,Deccan Chargers,bat,Deccan Chargers,runs,19.0,146.0,20.0,N,,MR Benson,HDPK Dharmasena,392212,146,Mumbai Indians,0,152.66666666666666,0.9563318777292577,"(0.876, 1.01]"
392213,2009,Centurion,2009-05-07,League,A Singh,SuperSport Park,Royal Challengers Bangalore,Rajasthan Royals,Rajasthan Royals,field,Rajasthan Royals,wickets,7.0,106.0,20.0,N,,K Hariharan,DJ Harper,392213,106,Rajasthan Royals,1,151.0,0.7019867549668874,"(0.609, 0.743]"
392214,2009,Centurion,2009-05-07,League,ML Hayden,SuperSport Park,Chennai Super Kings,Kings XI Punjab,Chennai Super Kings,bat,Chennai Super Kings,runs,12.0,187.0,18.0,N,D/L,DJ Harper,TH Wijewardene,392214,186,Kings XI Punjab,0,142.0,1.3098591549295775,"(1.277, 1.41]"
392215,2009,East London,2009-05-08,League,A Nehra,Buffalo Park,Delhi Daredevils,Mumbai Indians,Mumbai Indians,bat,Delhi Daredevils,wickets,7.0,117.0,20.0,N,,M Erasmus,SK Tarapore,392215,117,Delhi Daredevils,1,164.0,0.7134146341463414,"(0.609, 0.743]"
392217,2009,Kimberley,2009-05-09,League,S Badrinath,De Beers Diamond Oval,Chennai Super Kings,Rajasthan Royals,Rajasthan Royals,bat,Chennai Super Kings,wickets,7.0,141.0,20.0,N,,GAV Baxter,HDPK Dharmasena,392217,141,Chennai Super Kings,1,169.0,0.834319526627219,"(0.743, 0.876]"
392218,2009,Port Elizabeth,2009-05-10,League,JP Duminy,St George's Park,Royal Challengers Bangalore,Mumbai Indians,Mumbai Indians,bat,Mumbai Indians,runs,16.0,158.0,20.0,N,,BR Doctrove,BG Jerling,392218,158,Royal Challengers Bangalore,0,162.8,0.9705159705159705,"(0.876, 1.01]"
392219,2009,Johannesburg,2009-05-10,League,A Mishra,New Wanderers Stadium,Delhi Daredevils,Kolkata Knight Riders,Delhi Daredevils,field,Delhi Daredevils,wickets,7.0,124.0,20.0,N,,SL Shastri,RB Tiffin,392219,124,Delhi Daredevils,1,157.0,0.7898089171974523,"(0.743, 0.876]"
392220,2009,Kimberley,2009-05-11,League,DR Smith,De Beers Diamond Oval,Deccan Chargers,Rajasthan Royals,Deccan Chargers,bat,Deccan Chargers,runs,53.0,167.0,20.0,N,,GAV Baxter,HDPK Dharmasena,392220,167,Rajasthan Royals,0,155.0,1.0774193548387097,"(1.01, 1.143]"
392221,2009,Centurion,2009-05-12,League,LRPL Taylor,SuperSport Park,Royal Challengers Bangalore,Kolkata Knight Riders,Royal Challengers Bangalore,field,Royal Challengers Bangalore,wickets,6.0,174.0,20.0,N,,M Erasmus,SS Hazare,392221,174,Royal Challengers Bangalore,1,149.33333333333334,1.1651785714285714,"(1.143, 1.277]"
392222,2009,Centurion,2009-05-12,League,Harbhajan Singh,SuperSport Park,Kings XI Punjab,Mumbai Indians,Kings XI Punjab,bat,Mumbai Indians,wickets,8.0,120.0,20.0,N,,SS Hazare,RE Koertzen,392222,120,Mumbai Indians,1,152.85714285714286,0.7850467289719626,"(0.743, 0.876]"
392223,2009,Durban,2009-05-13,League,R Bhatia,Kingsmead,Deccan Chargers,Delhi Daredevils,Deccan Chargers,field,Delhi Daredevils,runs,12.0,174.0,20.0,N,,DJ Harper,SL Shastri,392223,174,Deccan Chargers,0,162.6,1.070110701107011,"(1.01, 1.143]"
392224,2009,Durban,2009-05-14,League,LRPL Taylor,Kingsmead,Royal Challengers Bangalore,Chennai Super Kings,Chennai Super Kings,bat,Royal Challengers Bangalore,wickets,2.0,130.0,20.0,N,,BR Doctrove,DJ Harper,392224,130,Royal Challengers Bangalore,1,163.63636363636363,0.7944444444444445,"(0.743, 0.876]"
392225,2009,Durban,2009-05-14,League,SK Warne,Kingsmead,Mumbai Indians,Rajasthan Royals,Rajasthan Royals,bat,Rajasthan Royals,runs,2.0,146.0,20.0,N,,BR Doctrove,DJ Harper,392225,146,Mumbai Indians,0,160.83333333333334,0.9077720207253885,"(0.876, 1.01]"
392227,2009,Port Elizabeth,2009-05-16,League,ML Hayden,St George's Park,Chennai Super Kings,Mumbai Indians,Mumbai Indians,bat,Chennai Super Kings,wickets,7.0,148.0,20.0,N,,SK Tarapore,SJA Taufel,392227,148,Chennai Super Kings,1,162.0,0.9135802469135802,"(0.876, 1.01]"
392228,2009,Johannesburg,2009-05-16,League,RG Sharma,New Wanderers Stadium,Deccan Chargers,Kolkata Knight Riders,Deccan Chargers,field,Deccan Chargers,wickets,6.0,161.0,20.0,N,,RE Koertzen,S Ravi,392228,161,Deccan Chargers,1,146.0,1.1027397260273972,"(1.01, 1.143]"
392229,2009,Johannesburg,2009-05-17,League,Yuvraj Singh,New Wanderers Stadium,Deccan Chargers,Kings XI Punjab,Deccan Chargers,field,Kings XI Punjab,runs,1.0,135.0,20.0,N,,S Ravi,RB Tiffin,392229,135,Deccan Chargers,0,149.75,0.9015025041736227,"(0.876, 1.01]"
392230,2009,Bloemfontein,2009-05-17,League,AB de Villiers,OUTsurance Oval,Delhi Daredevils,Rajasthan Royals,Delhi Daredevils,bat,Delhi Daredevils,runs,14.0,151.0,20.0,N,,SS Hazare,IL Howell,392230,151,Rajasthan Royals,0,121.0,1.2479338842975207,"(1.143, 1.277]"
392231,2009,Centurion,2009-05-18,League,BJ Hodge,SuperSport Park,Chennai Super Kings,Kolkata Knight Riders,Chennai Super Kings,bat,Kolkata Knight Riders,wickets,7.0,189.0,20.0,N,,SJA Taufel,RB Tiffin,392231,189,Kolkata Knight Riders,1,148.75,1.2705882352941176,"(1.143, 1.277]"
392232,2009,Johannesburg,2009-05-19,League,JH Kallis,New Wanderers Stadium,Royal Challengers Bangalore,Delhi Daredevils,Delhi Daredevils,bat,Royal Challengers Bangalore,wickets,7.0,135.0,20.0,N,,IL Howell,RB Tiffin,392232,135,Royal Challengers Bangalore,1,146.8,0.9196185286103542,"(0.876, 1.01]"
392233,2009,Durban,2009-05-20,League,LR Shukla,Kingsmead,Kolkata Knight Riders,Rajasthan Royals,Kolkata Knight Riders,field,Kolkata Knight Riders,wickets,4.0,102.0,20.0,N,,BG Jerling,SJA Taufel,392233,102,Kolkata Knight Riders,1,159.69230769230768,0.638728323699422,"(0.609, 0.743]"
392234,2009,Durban,2009-05-20,League,M Muralitharan,Kingsmead,Chennai Super Kings,Kings XI Punjab,Chennai Super Kings,bat,Chennai Super Kings,runs,24.0,117.0,20.0,N,,BG Jerling,SJA Taufel,392234,117,Kings XI Punjab,0,155.57142857142858,0.7520661157024793,"(0.743, 0.876]"
392235,2009,Centurion,2009-05-21,League,V Sehwag,SuperSport Park,Delhi Daredevils,Mumbai Indians,Delhi Daredevils,field,Delhi Daredevils,wickets,4.0,166.0,20.0,N,,IL Howell,S Ravi,392235,166,Delhi Daredevils,1,153.22222222222223,1.0833937635968092,"(1.01, 1.143]"
392236,2009,Centurion,2009-05-21,League,MK Pandey,SuperSport Park,Royal Challengers Bangalore,Deccan Chargers,Royal Challengers Bangalore,bat,Royal Challengers Bangalore,runs,12.0,171.0,20.0,N,,IL Howell,S Ravi,392236,171,Deccan Chargers,0,154.5,1.1067961165048543,"(1.01, 1.143]"
392237,2009,Centurion,2009-05-22,Semi Final,AC Gilchrist,SuperSport Park,Delhi Daredevils,Deccan Chargers,Deccan Chargers,field,Deccan Chargers,wickets,6.0,154.0,20.0,N,,BR Doctrove,DJ Harper,392237,154,Deccan Chargers,1,156.0,0.9871794871794872,"(0.876, 1.01]"
392238,2009,Johannesburg,2009-05-23,Semi Final,MK Pandey,New Wanderers Stadium,Royal Challengers Bangalore,Chennai Super Kings,Royal Challengers Bangalore,field,Royal Challengers Bangalore,wickets,6.0,147.0,20.0,N,,RE Koertzen,SJA Taufel,392238,147,Royal Challengers Bangalore,1,144.83333333333334,1.0149597238204833,"(1.01, 1.143]"
392239,2009,Johannesburg,2009-05-24,Final,A Kumble,New Wanderers Stadium,Royal Challengers Bangalore,Deccan Chargers,Royal Challengers Bangalore,field,Deccan Chargers,runs,6.0,144.0,20.0,N,,RE Koertzen,SJA Taufel,392239,144,Royal Challengers Bangalore,0,145.14285714285714,0.9921259842519685,"(0.876, 1.01]"
419106,2009/10,Mumbai,2010-03-12,League,AD Mathews,Dr DY Patil Sports Academy,Deccan Chargers,Kolkata Knight Riders,Deccan Chargers,field,Kolkata Knight Riders,runs,11.0,162.0,20.0,N,,RE Koertzen,RB Tiffin,419106,162,Deccan Chargers,0,146.5,1.10580204778157,"(1.01, 1.143]"
419108,2009/10,Chandigarh,2010-03-13,League,G Gambhir,"Punjab Cricket Association Stadium, Mohali",Kings XI Punjab,Delhi Daredevils,Delhi Daredevils,field,Delhi Daredevils,wickets,5.0,143.0,20.0,N,,BR Doctrove,S Ravi,419108,143,Delhi Daredevils,1,186.28571428571428,0.767638036809816,"(0.743, 0.876]"
419109,2009/10,Kolkata,2010-03-14,League,MK Tiwary,Eden Gardens,Kolkata Knight Riders,Royal Challengers Bangalore,Kolkata Knight Riders,field,Kolkata Knight Riders,wickets,7.0,136.0,20.0,N,,HDPK Dharmasena,AM Saheba,419109,136,Kolkata Knight Riders,1,140.85714285714286,0.9655172413793103,"(0.876, 1.01]"
419110,2009/10,Chennai,2010-03-14,League,WPUJC Vaas,"MA Chidambaram Stadium, Chepauk",Chennai Super Kings,Deccan Chargers,Deccan Chargers,bat,Deccan Chargers,runs,31.0,191.0,20.0,N,,K Hariharan,DJ Harper,419110,191,Chennai Super Kings,0,170.42857142857142,1.1207041072925399,"(1.01, 1.143]"
419112,2009/10,Bangalore,2010-03-16,League,JH Kallis,M Chinnaswamy Stadium,Royal Challengers Bangalore,Kings XI Punjab,Kings XI Punjab,bat,Royal Challengers Bangalore,wickets,8.0,204.0,20.0,N,,S Das,DJ Harper,419112,204,Royal Challengers Bangalore,1,157.14285714285714,1.2981818181818183,"(1.277, 1.41]"
419113,2009/10,Kolkata,2010-03-16,League,MS Dhoni,Eden Gardens,Kolkata Knight Riders,Chennai Super Kings,Chennai Super Kings,bat,Chennai Super Kings,runs,55.0,165.0,20.0,N,,HDPK Dharmasena,AM Saheba,419113,165,Kolkata Knight Riders,0,140.25,1.1764705882352942,"(1.143, 1.277]"
419114,2009/10,Delhi,2010-03-17,League,SR Tendulkar,Feroz Shah Kotla,Delhi Daredevils,Mumbai Indians,Delhi Daredevils,field,Mumbai Indians,runs,98.0,219.0,20.0,N,,BR Doctrove,SK Tarapore,419114,219,Delhi Daredevils,0,166.83333333333334,1.3126873126873126,"(1.277, 1.41]"
419115,2009/10,Bangalore,2010-03-18,League,JH Kallis,M Chinnaswamy Stadium,Royal Challengers Bangalore,Rajasthan Royals,Royal Challengers Bangalore,field,Royal Challengers Bangalore,wickets,10.0,93.0,20.0,N,,K Hariharan,DJ Harper,419115,93,Royal Challengers Bangalore,1,163.0,0.5705521472392638,"(0.476, 0.609]"
419116,2009/10,Delhi,2010-03-19,League,ML Hayden,Feroz Shah Kotla,Delhi Daredevils,Chennai Super Kings,Delhi Daredevils,bat,Chennai Super Kings,wickets,5.0,186.0,20.0,N,,BR Doctrove,SK Tarapore,419116,186,Chennai Super Kings,1,174.28571428571428,1.0672131147540984,"(1.01, 1.143]"
419118,2009/10,Ahmedabad,2010-03-20,League,AA Jhunjhunwala,"Sardar Patel Stadium, Motera",Rajasthan Royals,Kolkata Knight Riders,Rajasthan Royals,bat,Rajasthan Royals,runs,34.0,169.0,20.0,N,,RE Koertzen,RB Tiffin,419118,169,Kolkata Knight Riders,0,142.0,1.1901408450704225,"(1.143, 1.277]"
419119,2009/10,Mumbai,2010-03-20,League,JH Kallis,Brabourne Stadium,Mumbai Indians,Royal Challengers Bangalore,Mumbai Indians,bat,Royal Challengers Bangalore,wickets,7.0,152.0,20.0,N,,HDPK Dharmasena,SS Hazare,419119,152,Royal Challengers Bangalore,1,213.0,0.7136150234741784,"(0.609, 0.743]"
419120,2009/10,Cuttack,2010-03-21,League,A Symonds,Barabati Stadium,Deccan Chargers,Delhi Daredevils,Deccan Chargers,bat,Deccan Chargers,runs,10.0,172.0,20.0,N,,BF Bowden,M Erasmus,419120,172,Delhi Daredevils,0,171.0,1.0058479532163742,"(0.876, 1.01]"
419121,2009/10,Chennai,2010-03-21,League,J Theron,"MA Chidambaram Stadium, Chepauk",Chennai Super Kings,Kings XI Punjab,Chennai Super Kings,field,Kings XI Punjab,tie,,137.0,20.0,Y,,K Hariharan,DJ Harper,419121,137,Chennai Super Kings,0,173.0,0.791907514450867,"(0.743, 0.876]"
419122,2009/10,Mumbai,2010-03-22,League,SR Tendulkar,Brabourne Stadium,Mumbai Indians,Kolkata Knight Riders,Kolkata Knight Riders,bat,Mumbai Indians,wickets,7.0,156.0,20.0,N,,SS Hazare,SJA Taufel,419122,156,Mumbai Indians,1,182.5,0.8547945205479452,"(0.743, 0.876]"
419123,2009/10,Bangalore,2010-03-23,League,RV Uthappa,M Chinnaswamy Stadium,Royal Challengers Bangalore,Chennai Super Kings,Chennai Super Kings,field,Royal Challengers Bangalore,runs,36.0,172.0,20.0,N,,RE Koertzen,RB Tiffin,419123,172,Chennai Super Kings,0,155.22222222222223,1.1080887616320687,"(1.01, 1.143]"
419124,2009/10,Chandigarh,2010-03-24,League,AC Voges,"Punjab Cricket Association Stadium, Mohali",Kings XI Punjab,Rajasthan Royals,Kings XI Punjab,field,Rajasthan Royals,runs,31.0,184.0,20.0,N,,BR Doctrove,SK Tarapore,419124,184,Kings XI Punjab,0,180.875,1.0172771250863857,"(1.01, 1.143]"
419128,2009/10,Bangalore,2010-03-25,League,KM Jadhav,M Chinnaswamy Stadium,Royal Challengers Bangalore,Delhi Daredevils,Royal Challengers Bangalore,field,Delhi Daredevils,runs,17.0,184.0,20.0,N,,BG Jerling,RE Koertzen,419128,184,Royal Challengers Bangalore,0,156.9,1.172721478648821,"(1.143, 1.277]"
419126,2009/10,Ahmedabad,2010-03-26,League,YK Pathan,"Sardar Patel Stadium, Motera",Rajasthan Royals,Deccan Chargers,Deccan Chargers,bat,Rajasthan Royals,wickets,8.0,149.0,20.0,N,,HDPK Dharmasena,SJA Taufel,419126,149,Rajasthan Royals,1,155.5,0.9581993569131833,"(0.876, 1.01]"
419127,2009/10,Chandigarh,2010-03-27,League,MK Tiwary,"Punjab Cricket Association Stadium, Mohali",Kings XI Punjab,Kolkata Knight Riders,Kolkata Knight Riders,bat,Kolkata Knight Riders,runs,39.0,184.0,20.0,N,,BR Doctrove,S Ravi,419127,184,Kings XI Punjab,0,181.22222222222223,1.015328019619865,"(1.01, 1.143]"
419129,2009/10,Ahmedabad,2010-03-28,League,NV Ojha,"Sardar Patel Stadium, Motera",Rajasthan Royals,Chennai Super Kings,Rajasthan Royals,bat,Rajasthan Royals,runs,17.0,178.0,20.0,N,,SS Hazare,SJA Taufel,419129,178,Chennai Super Kings,0,153.33333333333334,1.1608695652173913,"(1.143, 1.277]"
419130,2009/10,Mumbai,2010-03-28,League,Harbhajan Singh,Dr DY Patil Sports Academy,Deccan Chargers,Mumbai Indians,Deccan Chargers,field,Mumbai Indians,runs,41.0,173.0,20.0,N,,S Das,K Hariharan,419130,173,Deccan Chargers,0,149.6,1.1564171122994653,"(1.143, 1.277]"
419131,2009/10,Delhi,2010-03-29,League,DA Warner,Feroz Shah Kotla,Delhi Daredevils,Kolkata Knight Riders,Delhi Daredevils,bat,Delhi Daredevils,runs,40.0,178.0,20.0,N,,SS Hazare,SJA Taufel,419131,178,Kolkata Knight Riders,0,175.75,1.0128022759601707,"(1.01, 1.143]"
419132,2009/10,Mumbai,2010-03-30,League,SL Malinga,Brabourne Stadium,Mumbai Indians,Kings XI Punjab,Mumbai Indians,field,Mumbai Indians,wickets,4.0,164.0,20.0,N,,BR Doctrove,SK Tarapore,419132,164,Mumbai Indians,1,173.66666666666666,0.944337811900192,"(0.876, 1.01]"
419133,2009/10,Chennai,2010-03-31,League,M Vijay,"MA Chidambaram Stadium, Chepauk",Chennai Super Kings,Royal Challengers Bangalore,Royal Challengers Bangalore,bat,Chennai Super Kings,wickets,5.0,162.0,20.0,N,,BG Jerling,RE Koertzen,419133,162,Chennai Super Kings,1,169.0,0.9585798816568047,"(0.876, 1.01]"
419134,2009/10,Delhi,2010-03-31,League,KD Karthik,Feroz Shah Kotla,Delhi Daredevils,Rajasthan Royals,Delhi Daredevils,bat,Delhi Daredevils,runs,67.0,189.0,20.0,N,,HDPK Dharmasena,SJA Taufel,419134,189,Rajasthan Royals,0,176.0,1.0738636363636365,"(1.01, 1.143]"
419135,2009/10,Kolkata,2010-04-01,League,SC Ganguly,Eden Gardens,Kolkata Knight Riders,Deccan Chargers,Kolkata Knight Riders,bat,Kolkata Knight Riders,runs,24.0,182.0,20.0,N,,K Hariharan,DJ Harper,419135,182,Deccan Chargers,0,143.0,1.2727272727272727,"(1.143, 1.277]"
419136,2009/10,Chandigarh,2010-04-02,League,KP Pietersen,"Punjab Cricket Association Stadium, Mohali",Kings XI Punjab,Royal Challengers Bangalore,Kings XI Punjab,bat,Royal Challengers Bangalore,wickets,6.0,182.0,20.0,N,,BF Bowden,M Erasmus,419136,182,Royal Challengers Bangalore,1,181.5,1.002754820936639,"(0.876, 1.01]"
419137,2009/10,Chennai,2010-04-03,League,M Vijay,"MA Chidambaram Stadium, Chepauk",Chennai Super Kings,Rajasthan Royals,Chennai Super Kings,bat,Chennai Super Kings,runs,23.0,247.0,20.0,N,,RE Koertzen,RB Tiffin,419137,247,Rajasthan Royals,0,168.3,1.4676173499702911,"(1.41, 1.544]"
419138,2009/10,Mumbai,2010-04-03,League,AT Rayudu,Brabourne Stadium,Mumbai Indians,Deccan Chargers,Mumbai Indians,bat,Mumbai Indians,runs,63.0,179.0,20.0,N,,BR Doctrove,S Ravi,419138,179,Deccan Chargers,0,171.25,1.0452554744525548,"(1.01, 1.143]"
419139,2009/10,Kolkata,2010-04-04,League,DPMD Jayawardene,Eden Gardens,Kolkata Knight Riders,Kings XI Punjab,Kolkata Knight Riders,bat,Kings XI Punjab,wickets,8.0,201.0,20.0,N,,S Asnani,DJ Harper,419139,201,Kings XI Punjab,1,146.9,1.368277739959156,"(1.277, 1.41]"
419140,2009/10,Delhi,2010-04-04,League,PD Collingwood,Feroz Shah Kotla,Delhi Daredevils,Royal Challengers Bangalore,Delhi Daredevils,bat,Delhi Daredevils,runs,37.0,185.0,20.0,N,,BF Bowden,M Erasmus,419140,185,Royal Challengers Bangalore,0,177.3,1.0434292160180485,"(1.01, 1.143]"
419142,2009/10,Chennai,2010-04-06,League,SK Raina,"MA Chidambaram Stadium, Chepauk",Chennai Super Kings,Mumbai Indians,Chennai Super Kings,bat,Chennai Super Kings,runs,24.0,166.0,20.0,N,,S Asnani,DJ Harper,419142,166,Mumbai Indians,0,175.45454545454547,0.9461139896373056,"(0.876, 1.01]"
419143,2009/10,Jaipur,2010-04-07,League,MJ Lumb,Sawai Mansingh Stadium,Rajasthan Royals,Kings XI Punjab,Kings XI Punjab,bat,Rajasthan Royals,wickets,9.0,154.0,20.0,N,,S Ravi,SK Tarapore,419143,154,Rajasthan Royals,1,159.42857142857142,0.9659498207885305,"(0.876, 1.01]"
419144,2009/10,Kolkata,2010-04-07,League,SC Ganguly,Eden Gardens,Kolkata Knight Riders,Delhi Daredevils,Kolkata Knight Riders,bat,Kolkata Knight Riders,runs,14.0,182.0,20.0,N,,BG Jerling,RE Koertzen,419144,182,Delhi Daredevils,0,151.8181818181818,1.198802395209581,"(1.143, 1.277]"
419145,2009/10,Bangalore,2010-04-08,League,TL Suman,M Chinnaswamy Stadium,Royal Challengers Bangalore,Deccan Chargers,Deccan Chargers,field,Deccan Chargers,wickets,7.0,185.0,20.0,N,,S Asnani,DJ Harper,419145,185,Deccan Chargers,1,159.36363636363637,1.1608670849971476,"(1.143, 1.277]"
419146,2009/10,Chandigarh,2010-04-09,League,KC Sangakkara,"Punjab Cricket Association Stadium, Mohali",Kings XI Punjab,Mumbai Indians,Mumbai Indians,bat,Kings XI Punjab,wickets,6.0,155.0,20.0,N,,M Erasmus,AM Saheba,419146,155,Kings XI Punjab,1,181.54545454545453,0.8537806710065098,"(0.743, 0.876]"
419147,2009/10,Nagpur,2010-04-10,League,RJ Harris,"Vidarbha Cricket Association Stadium, Jamtha",Deccan Chargers,Chennai Super Kings,Chennai Super Kings,bat,Deccan Chargers,wickets,6.0,139.0,20.0,N,,HDPK Dharmasena,SJA Taufel,419147,139,Deccan Chargers,1,160.0,0.86875,"(0.743, 0.876]"
419148,2009/10,Bangalore,2010-04-10,League,R Vinay Kumar,M Chinnaswamy Stadium,Royal Challengers Bangalore,Kolkata Knight Riders,Royal Challengers Bangalore,field,Royal Challengers Bangalore,wickets,7.0,161.0,20.0,N,,K Hariharan,DJ Harper,419148,161,Royal Challengers Bangalore,1,161.5,0.9969040247678018,"(0.876, 1.01]"
419149,2009/10,Delhi,2010-04-11,League,PP Chawla,Feroz Shah Kotla,Delhi Daredevils,Kings XI Punjab,Delhi Daredevils,bat,Kings XI Punjab,wickets,7.0,112.0,20.0,N,,BF Bowden,AM Saheba,419149,112,Kings XI Punjab,1,178.0,0.6292134831460674,"(0.609, 0.743]"
419150,2009/10,Jaipur,2010-04-11,League,SR Tendulkar,Sawai Mansingh Stadium,Rajasthan Royals,Mumbai Indians,Rajasthan Royals,field,Mumbai Indians,runs,37.0,175.0,20.0,N,,BR Doctrove,SK Tarapore,419150,175,Rajasthan Royals,0,158.75,1.1023622047244095,"(1.01, 1.143]"
419151,2009/10,Nagpur,2010-04-12,League,Harmeet Singh,"Vidarbha Cricket Association Stadium, Jamtha",Deccan Chargers,Royal Challengers Bangalore,Royal Challengers Bangalore,field,Deccan Chargers,runs,13.0,152.0,20.0,N,,RE Koertzen,RB Tiffin,419151,152,Royal Challengers Bangalore,0,149.5,1.0167224080267558,"(1.01, 1.143]"
419152,2009/10,Mumbai,2010-04-13,League,KA Pollard,Brabourne Stadium,Mumbai Indians,Delhi Daredevils,Mumbai Indians,bat,Mumbai Indians,runs,39.0,184.0,20.0,N,,S Asnani,DJ Harper,419152,184,Delhi Daredevils,0,172.8,1.0648148148148147,"(1.01, 1.143]"
419153,2009/10,Chennai,2010-04-13,League,R Ashwin,"MA Chidambaram Stadium, Chepauk",Chennai Super Kings,Kolkata Knight Riders,Kolkata Knight Riders,bat,Chennai Super Kings,wickets,9.0,140.0,20.0,N,,SS Hazare,SJA Taufel,419153,140,Chennai Super Kings,1,174.66666666666666,0.8015267175572519,"(0.743, 0.876]"
419154,2009/10,Jaipur,2010-04-14,League,KP Pietersen,Sawai Mansingh Stadium,Rajasthan Royals,Royal Challengers Bangalore,Rajasthan Royals,bat,Royal Challengers Bangalore,wickets,5.0,131.0,20.0,N,,BR Doctrove,S Ravi,419154,131,Royal Challengers Bangalore,1,160.55555555555554,0.8159169550173011,"(0.743, 0.876]"
419155,2009/10,Chennai,2010-04-15,League,G Gambhir,"MA Chidambaram Stadium, Chepauk",Chennai Super Kings,Delhi Daredevils,Chennai Super Kings,bat,Delhi Daredevils,wickets,6.0,113.0,20.0,N,,HDPK Dharmasena,SS Hazare,419155,113,Delhi Daredevils,1,172.0,0.6569767441860465,"(0.609, 0.743]"
419157,2009/10,Bangalore,2010-04-17,League,R McLaren,M Chinnaswamy Stadium,Royal Challengers Bangalore,Mumbai Indians,Royal Challengers Bangalore,field,Mumbai Indians,runs,57.0,192.0,20.0,N,,HDPK Dharmasena,SJA Taufel,419157,192,Royal Challengers Bangalore,0,161.46153846153845,1.1891376846117199,"(1.143, 1.277]"
419158,2009/10,Kolkata,2010-04-17,League,JD Unadkat,Eden Gardens,Kolkata Knight Riders,Rajasthan Royals,Rajasthan Royals,bat,Kolkata Knight Riders,wickets,8.0,133.0,20.0,N,,BG Jerling,RB Tiffin,419158,133,Kolkata Knight Riders,1,154.33333333333334,0.8617710583153347,"(0.743, 0.876]"
419159,2009/10,Dharamsala,2010-04-18,League,MS Dhoni,Himachal Pradesh Cricket Association Stadium,Kings XI Punjab,Chennai Super Kings,Chennai Super Kings,field,Chennai Super Kings,wickets,6.0,193.0,20.0,N,,BF Bowden,AM Saheba,419159,193,Chennai Super Kings,1,175.0,1.1028571428571428,"(1.01, 1.143]"
419160,2009/10,Delhi,2010-04-18,League,A Symonds,Feroz Shah Kotla,Delhi Daredevils,Deccan Chargers,Deccan Chargers,bat,Deccan Chargers,runs,11.0,146.0,20.0,N,,BR Doctrove,SK Tarapore,419160,146,Delhi Daredevils,0,172.5,0.8463768115942029,"(0.743, 0.876]"
419161,2009/10,Kolkata,2010-04-19,League,M Kartik,Eden Gardens,Kolkata Knight Riders,Mumbai Indians,Mumbai Indians,bat,Kolkata Knight Riders,wickets,9.0,134.0,20.0,N,,BG Jerling,RE Koertzen,419161,134,Kolkata Knight Riders,1,152.69230769230768,0.8775818639798489,"(0.876, 1.01]"
419162,2009/10,Mumbai,2010-04-21,Semi Final,KA Pollard,Dr DY Patil Sports Academy,Royal Challengers Bangalore,Mumbai Indians,Mumbai Indians,bat,Mumbai Indians,runs,35.0,185.0,20.0,N,,BR Doctrove,RB Tiffin,419162,185,Royal Challengers Bangalore,0,153.5,1.205211726384365,"(1.143, 1.277]"
419163,2009/10,Mumbai,2010-04-22,Semi Final,DE Bollinger,Dr DY Patil Sports Academy,Chennai Super Kings,Deccan Chargers,Chennai Super Kings,bat,Chennai Super Kings,runs,38.0,143.0,20.0,N,,BR Doctrove,RB Tiffin,419163,143,Deccan Chargers,0,158.0,0.9050632911392406,"(0.876, 1.01]"
419164,2009/10,Mumbai,2010-04-24,3rd Place Play-Off,A Kumble,Dr DY Patil Sports Academy,Royal Challengers Bangalore,Deccan Chargers,Deccan Chargers,bat,Royal Challengers Bangalore,wickets,9.0,83.0,20.0,N,,RE Koertzen,SJA Taufel,419164,83,Royal Challengers Bangalore,1,156.125,0.5316253002401922,"(0.476, 0.609]"
419165,2009/10,Mumbai,2010-04-25,Final,SK Raina,Dr DY Patil Sports Academy,Chennai Super Kings,Mumbai Indians,Chennai Super Kings,bat,Chennai Super Kings,runs,22.0,169.0,20.0,N,,RE Koertzen,SJA Taufel,419165,169,Mumbai Indians,0,148.0,1.1418918918918919,"(1.01, 1.143]"
501198,2011,Chennai,2011-04-08,League,S Anirudha,"MA Chidambaram Stadium, Chepauk",Chennai Super Kings,Kolkata Knight Riders,Chennai Super Kings,bat,Chennai Super Kings,runs,2.0,154.0,20.0,N,,BR Doctrove,PR Reiffel,501198,154,Kolkata Knight Riders,0,167.78571428571428,0.9178373776074926,"(0.876, 1.01]"
501199,2011,Hyderabad,2011-04-09,League,SK Trivedi,"Rajiv Gandhi International Stadium, Uppal",Deccan Chargers,Rajasthan Royals,Rajasthan Royals,field,Rajasthan Royals,wickets,8.0,138.0,20.0,N,,RE Koertzen,SK Tarapore,501199,138,Rajasthan Royals,1,174.42857142857142,0.7911547911547913,"(0.743, 0.876]"
501201,2011,Delhi,2011-04-10,League,SL Malinga,Feroz Shah Kotla,Delhi Daredevils,Mumbai Indians,Delhi Daredevils,bat,Mumbai Indians,wickets,8.0,96.0,20.0,N,,AM Saheba,RB Tiffin,501201,96,Mumbai Indians,1,170.46153846153845,0.5631768953068592,"(0.476, 0.609]"
501202,2011,Mumbai,2011-04-10,League,SB Wagh,Dr DY Patil Sports Academy,Pune Warriors,Kings XI Punjab,Kings XI Punjab,bat,Pune Warriors,wickets,7.0,113.0,20.0,N,,BR Doctrove,PR Reiffel,501202,113,Pune Warriors,1,150.1,0.7528314457028648,"(0.743, 0.876]"
501203,2011,Kolkata,2011-04-11,League,JH Kallis,Eden Gardens,Kolkata Knight Riders,Deccan Chargers,Kolkata Knight Riders,bat,Kolkata Knight Riders,runs,9.0,164.0,20.0,N,,RE Koertzen,SK Tarapore,501203,164,Deccan Chargers,0,151.35714285714286,1.0835299669655498,"(1.01, 1.143]"
501204,2011,Jaipur,2011-04-12,League,SK Warne,Sawai Mansingh Stadium,Rajasthan Royals,Delhi Daredevils,Delhi Daredevils,bat,Rajasthan Royals,wickets,6.0,152.0,20.0,N,,Aleem Dar,RB Tiffin,501204,152,Rajasthan Royals,1,157.6,0.9644670050761421,"(0.876, 1.01]"
501205,2011,Bangalore,2011-04-12,League,SR Tendulkar,M Chinnaswamy Stadium,Royal Challengers Bangalore,Mumbai Indians,Mumbai Indians,field,Mumbai Indians,wickets,9.0,141.0,20.0,N,,HDPK Dharmasena,AL Hill,501205,141,Mumbai Indians,1,163.64285714285714,0.8616324749017896,"(0.743, 0.876]"
501206,2011,Chandigarh,2011-04-13,League,PC Valthaty,"Punjab Cricket Association Stadium, Mohali",Kings XI Punjab,Chennai Super Kings,Kings XI Punjab,field,Kings XI Punjab,wickets,6.0,189.0,20.0,N,,Asad Rauf,SL Shastri,501206,189,Kings XI Punjab,1,179.33333333333334,1.053903345724907,"(1.01, 1.143]"
501207,2011,Mumbai,2011-04-13,League,MD Mishra,Dr DY Patil Sports Academy,Pune Warriors,Kochi Tuskers Kerala,Kochi Tuskers Kerala,bat,Pune Warriors,wickets,4.0,149.0,20.0,N,,S Asnani,PR Reiffel,501207,149,Pune Warriors,1,146.72727272727272,1.0154894671623296,"(1.01, 1.143]"
501208,2011,Hyderabad,2011-04-14,League,DW Steyn,"Rajiv Gandhi International Stadium, Uppal",Deccan Chargers,Royal Challengers Bangalore,Royal Challengers Bangalore,field,Deccan Chargers,runs,33.0,176.0,20.0,N,,RE Koertzen,S Ravi,501208,176,Royal Challengers Bangalore,0,169.875,1.0360559234731421,"(1.01, 1.143]"
501209,2011,Jaipur,2011-04-15,League,G Gambhir,Sawai Mansingh Stadium,Rajasthan Royals,Kolkata Knight Riders,Kolkata Knight Riders,field,Kolkata Knight Riders,wickets,9.0,160.0,20.0,N,,Aleem Dar,SS Hazare,501209,160,Kolkata Knight Riders,1,157.0909090909091,1.0185185185185186,"(1.01, 1.143]"
501210,2011,Mumbai,2011-04-15,League,BB McCullum,Wankhede Stadium,Mumbai Indians,Kochi Tuskers Kerala,Kochi Tuskers Kerala,field,Kochi Tuskers Kerala,wickets,8.0,183.0,20.0,N,,BR Doctrove,PR Reiffel,501210,183,Kochi Tuskers Kerala,1,147.83333333333334,1.237880496054115,"(1.143, 1.277]"
501211,2011,Chennai,2011-04-16,League,MEK Hussey,"MA Chidambaram Stadium, Chepauk",Chennai Super Kings,Royal Challengers Bangalore,Chennai Super Kings,bat,Chennai Super Kings,runs,21.0,184.0,20.0,N,,HDPK Dharmasena,AL Hill,501211,184,Royal Challengers Bangalore,0,166.86666666666667,1.1026767878545745,"(1.01, 1.143]"
501212,2011,Hyderabad,2011-04-16,League,PC Valthaty,"Rajiv Gandhi International Stadium, Uppal",Deccan Chargers,Kings XI Punjab,Kings XI Punjab,field,Kings XI Punjab,wickets,8.0,166.0,20.0,N,,RE Koertzen,S Ravi,501212,166,Kings XI Punjab,1,170.55555555555554,0.9732899022801303,"(0.876, 1.01]"
501213,2011,Mumbai,2011-04-17,League,Yuvraj Singh,Dr DY Patil Sports Academy,Pune Warriors,Delhi Daredevils,Delhi Daredevils,field,Delhi Daredevils,wickets,3.0,188.0,20.0,N,,Asad Rauf,AM Saheba,501213,188,Delhi Daredevils,1,146.91666666666666,1.2796369824163358,"(1.277, 1.41]"
501214,2011,Kolkata,2011-04-17,League,L Balaji,Eden Gardens,Kolkata Knight Riders,Rajasthan Royals,Kolkata Knight Riders,field,Kolkata Knight Riders,wickets,8.0,82.0,20.0,N,,Aleem Dar,RB Tiffin,501214,82,Kolkata Knight Riders,1,152.2,0.5387647831800263,"(0.476, 0.609]"
501215,2011,Kochi,2011-04-18,League,BB McCullum,Nehru Stadium,Kochi Tuskers Kerala,Chennai Super Kings,Kochi Tuskers Kerala,field,Kochi Tuskers Kerala,wickets,7.0,135.0,17.0,N,D/L,K Hariharan,AL Hill,501215,132,Kochi Tuskers Kerala,1,162.0,0.8148148148148148,"(0.743, 0.876]"
501216,2011,Delhi,2011-04-19,League,S Sohal,Feroz Shah Kotla,Delhi Daredevils,Deccan Chargers,Deccan Chargers,bat,Deccan Chargers,runs,16.0,169.0,20.0,N,,PR Reiffel,RJ Tucker,501216,169,Delhi Daredevils,0,165.14285714285714,1.023356401384083,"(1.01, 1.143]"
501218,2011,Mumbai,2011-04-20,League,MM Patel,Wankhede Stadium,Mumbai Indians,Pune Warriors,Pune Warriors,bat,Mumbai Indians,wickets,7.0,119.0,20.0,N,,Asad Rauf,AM Saheba,501218,119,Mumbai Indians,1,152.85714285714286,0.7785046728971963,"(0.743, 0.876]"
501219,2011,Kolkata,2011-04-20,League,DPMD Jayawardene,Eden Gardens,Kolkata Knight Riders,Kochi Tuskers Kerala,Kolkata Knight Riders,field,Kochi Tuskers Kerala,runs,6.0,133.0,20.0,N,,Aleem Dar,RB Tiffin,501219,133,Kolkata Knight Riders,0,147.8125,0.8997885835095137,"(0.876, 1.01]"
501220,2011,Chandigarh,2011-04-21,League,SE Marsh,"Punjab Cricket Association Stadium, Mohali",Kings XI Punjab,Rajasthan Royals,Rajasthan Royals,field,Kings XI Punjab,runs,48.0,196.0,20.0,N,,S Asnani,PR Reiffel,501220,196,Rajasthan Royals,0,180.07692307692307,1.08842375053396,"(1.01, 1.143]"
501221,2011,Mumbai,2011-04-22,League,Harbhajan Singh,Wankhede Stadium,Mumbai Indians,Chennai Super Kings,Chennai Super Kings,field,Mumbai Indians,runs,8.0,165.0,20.0,N,,Asad Rauf,AM Saheba,501221,165,Chennai Super Kings,0,148.625,1.1101766190075695,"(1.01, 1.143]"
501222,2011,Kolkata,2011-04-22,League,CH Gayle,Eden Gardens,Kolkata Knight Riders,Royal Challengers Bangalore,Royal Challengers Bangalore,field,Royal Challengers Bangalore,wickets,9.0,172.0,20.0,N,,SS Hazare,RB Tiffin,501222,172,Royal Challengers Bangalore,1,146.94117647058823,1.1705364291433147,"(1.143, 1.277]"
501223,2011,Delhi,2011-04-23,League,DA Warner,Feroz Shah Kotla,Delhi Daredevils,Kings XI Punjab,Kings XI Punjab,field,Delhi Daredevils,runs,29.0,232.0,20.0,N,,S Asnani,RE Koertzen,501223,232,Kings XI Punjab,0,165.4,1.4026602176541716,"(1.277, 1.41]"
501224,2011,Hyderabad,2011-04-24,League,SL Malinga,"Rajiv Gandhi International Stadium, Uppal",Deccan Chargers,Mumbai Indians,Deccan Chargers,field,Mumbai Indians,runs,37.0,173.0,20.0,N,,HDPK Dharmasena,AL Hill,501224,173,Deccan Chargers,0,170.1,1.0170487948265727,"(1.01, 1.143]"
501225,2011,Jaipur,2011-04-24,League,SK Warne,Sawai Mansingh Stadium,Rajasthan Royals,Kochi Tuskers Kerala,Rajasthan Royals,field,Rajasthan Royals,wickets,8.0,110.0,20.0,N,,BR Doctrove,SK Tarapore,501225,110,Rajasthan Royals,1,157.33333333333334,0.6991525423728813,"(0.609, 0.743]"
501226,2011,Chennai,2011-04-25,League,MEK Hussey,"MA Chidambaram Stadium, Chepauk",Chennai Super Kings,Pune Warriors,Pune Warriors,field,Chennai Super Kings,runs,25.0,143.0,20.0,N,,Aleem Dar,RB Tiffin,501226,143,Pune Warriors,0,167.9375,0.8515072571641236,"(0.743, 0.876]"
501227,2011,Delhi,2011-04-26,League,V Kohli,Feroz Shah Kotla,Delhi Daredevils,Royal Challengers Bangalore,Royal Challengers Bangalore,field,Royal Challengers Bangalore,wickets,3.0,161.0,20.0,N,,S Asnani,RJ Tucker,501227,161,Royal Challengers Bangalore,1,169.5625,0.9495023958717287,"(0.876, 1.01]"
501228,2011,Mumbai,2011-04-27,League,DE Bollinger,Dr DY Patil Sports Academy,Pune Warriors,Chennai Super Kings,Pune Warriors,bat,Chennai Super Kings,wickets,8.0,142.0,20.0,N,,Asad Rauf,SL Shastri,501228,142,Chennai Super Kings,1,150.07692307692307,0.946181445412609,"(0.876, 1.01]"
501229,2011,Kochi,2011-04-27,League,I Sharma,Nehru Stadium,Kochi Tuskers Kerala,Deccan Chargers,Kochi Tuskers Kerala,field,Deccan Chargers,runs,55.0,130.0,20.0,N,,HDPK Dharmasena,AL Hill,501229,130,Kochi Tuskers Kerala,0,147.0,0.8843537414965986,"(0.876, 1.01]"
501230,2011,Delhi,2011-04-28,League,MK Tiwary,Feroz Shah Kotla,Delhi Daredevils,Kolkata Knight Riders,Delhi Daredevils,field,Kolkata Knight Riders,runs,17.0,149.0,20.0,N,,PR Reiffel,RJ Tucker,501230,149,Delhi Daredevils,0,169.05882352941177,0.8813500347947112,"(0.876, 1.01]"
501231,2011,Jaipur,2011-04-29,League,J Botha,Sawai Mansingh Stadium,Rajasthan Royals,Mumbai Indians,Rajasthan Royals,field,Rajasthan Royals,wickets,7.0,95.0,20.0,N,,Asad Rauf,SK Tarapore,501231,95,Rajasthan Royals,1,153.69230769230768,0.6181181181181181,"(0.609, 0.743]"
501232,2011,Bangalore,2011-04-29,League,V Kohli,M Chinnaswamy Stadium,Royal Challengers Bangalore,Pune Warriors,Pune Warriors,field,Royal Challengers Bangalore,runs,26.0,182.0,20.0,N,,Aleem Dar,SS Hazare,501232,182,Pune Warriors,0,162.13333333333333,1.1225328947368423,"(1.01, 1.143]"
501233,2011,Kochi,2011-04-30,League,V Sehwag,Nehru Stadium,Kochi Tuskers Kerala,Delhi Daredevils,Delhi Daredevils,bat,Delhi Daredevils,runs,38.0,158.0,20.0,N,,HDPK Dharmasena,AL Hill,501233,158,Kochi Tuskers Kerala,0,141.33333333333334,1.1179245283018868,"(1.01, 1.143]"
501234,2011,Kolkata,2011-04-30,League,Iqbal Abdulla,Eden Gardens,Kolkata Knight Riders,Kings XI Punjab,Kolkata Knight Riders,field,Kolkata Knight Riders,wickets,8.0,120.0,20.0,N,,AM Saheba,SL Shastri,501234,120,Kolkata Knight Riders,1,148.33333333333334,0.8089887640449438,"(0.743, 0.876]"
501235,2011,Jaipur,2011-05-01,League,LRPL Taylor,Sawai Mansingh Stadium,Rajasthan Royals,Pune Warriors,Rajasthan Royals,field,Rajasthan Royals,wickets,6.0,144.0,20.0,N,,SK Tarapore,SJA Taufel,501235,144,Rajasthan Royals,1,149.5,0.9632107023411371,"(0.876, 1.01]"
501236,2011,Chennai,2011-05-01,League,JA Morkel,"MA Chidambaram Stadium, Chepauk",Chennai Super Kings,Deccan Chargers,Chennai Super Kings,bat,Chennai Super Kings,runs,19.0,166.0,20.0,N,,Aleem Dar,RB Tiffin,501236,166,Deccan Chargers,0,166.47058823529412,0.9971731448763251,"(0.876, 1.01]"
501237,2011,Mumbai,2011-05-02,League,KA Pollard,Wankhede Stadium,Mumbai Indians,Kings XI Punjab,Kings XI Punjab,field,Mumbai Indians,runs,23.0,160.0,20.0,N,,HDPK Dharmasena,PR Reiffel,501237,160,Kings XI Punjab,0,150.44444444444446,1.0635155096011817,"(1.01, 1.143]"
501238,2011,Delhi,2011-05-02,League,P Parameswaran,Feroz Shah Kotla,Delhi Daredevils,Kochi Tuskers Kerala,Kochi Tuskers Kerala,field,Kochi Tuskers Kerala,wickets,7.0,141.0,20.0,N,,Asad Rauf,SL Shastri,501238,141,Kochi Tuskers Kerala,1,167.94444444444446,0.8395633476678795,"(0.743, 0.876]"
501239,2011,Hyderabad,2011-05-03,League,YK Pathan,"Rajiv Gandhi International Stadium, Uppal",Deccan Chargers,Kolkata Knight Riders,Deccan Chargers,field,Kolkata Knight Riders,runs,20.0,170.0,20.0,N,,S Asnani,RJ Tucker,501239,170,Deccan Chargers,0,170.36363636363637,0.9978655282817502,"(0.876, 1.01]"
501240,2011,Chennai,2011-05-04,League,MEK Hussey,"MA Chidambaram Stadium, Chepauk",Chennai Super Kings,Rajasthan Royals,Rajasthan Royals,bat,Chennai Super Kings,wickets,8.0,148.0,20.0,N,,SS Hazare,RB Tiffin,501240,148,Chennai Super Kings,1,166.44444444444446,0.8891855807743657,"(0.876, 1.01]"
501241,2011,Mumbai,2011-05-04,League,R Sharma,Dr DY Patil Sports Academy,Pune Warriors,Mumbai Indians,Pune Warriors,field,Mumbai Indians,runs,21.0,161.0,20.0,N,,HDPK Dharmasena,SJA Taufel,501241,161,Pune Warriors,0,149.5,1.0769230769230769,"(1.01, 1.143]"
501242,2011,Kochi,2011-05-05,League,BJ Hodge,Nehru Stadium,Kochi Tuskers Kerala,Kolkata Knight Riders,Kolkata Knight Riders,field,Kochi Tuskers Kerala,runs,17.0,157.0,20.0,N,,S Ravi,RJ Tucker,501242,157,Kolkata Knight Riders,0,145.5,1.0790378006872852,"(1.01, 1.143]"
501243,2011,Hyderabad,2011-05-05,League,V Sehwag,"Rajiv Gandhi International Stadium, Uppal",Deccan Chargers,Delhi Daredevils,Delhi Daredevils,field,Delhi Daredevils,wickets,4.0,176.0,20.0,N,,Asad Rauf,AM Saheba,501243,176,Delhi Daredevils,1,170.33333333333334,1.0332681017612524,"(1.01, 1.143]"
501244,2011,Bangalore,2011-05-06,League,CH Gayle,M Chinnaswamy Stadium,Royal Challengers Bangalore,Kings XI Punjab,Kings XI Punjab,field,Royal Challengers Bangalore,runs,85.0,206.0,20.0,N,,Aleem Dar,RB Tiffin,501244,206,Kings XI Punjab,0,163.375,1.260902830910482,"(1.143, 1.277]"
501245,2011,Kolkata,2011-05-07,League,Iqbal Abdulla,Eden Gardens,Kolkata Knight Riders,Chennai Super Kings,Chennai Super Kings,bat,Kolkata Knight Riders,runs,10.0,52.0,10.0,N,D/L,Asad Rauf,PR Reiffel,501245,115,Kolkata Knight Riders,1,146.8421052631579,0.7831541218637993,"(0.743, 0.876]"
501246,2011,Mumbai,2011-05-07,League,AT Rayudu,Wankhede Stadium,Mumbai Indians,Delhi Daredevils,Delhi Daredevils,field,Mumbai Indians,runs,32.0,179.0,20.0,N,,K Hariharan,SJA Taufel,501246,179,Delhi Daredevils,0,151.4,1.1822985468956406,"(1.143, 1.277]"
501247,2011,Bangalore,2011-05-08,League,CH Gayle,M Chinnaswamy Stadium,Royal Challengers Bangalore,Kochi Tuskers Kerala,Kochi Tuskers Kerala,bat,Royal Challengers Bangalore,wickets,9.0,126.0,20.0,N,,Aleem Dar,SS Hazare,501247,126,Royal Challengers Bangalore,1,165.88235294117646,0.7595744680851064,"(0.743, 0.876]"
501248,2011,Chandigarh,2011-05-08,League,R Sharma,"Punjab Cricket Association Stadium, Mohali",Kings XI Punjab,Pune Warriors,Kings XI Punjab,bat,Pune Warriors,wickets,5.0,120.0,20.0,N,,SK Tarapore,RJ Tucker,501248,120,Pune Warriors,1,181.21428571428572,0.6621994481671265,"(0.609, 0.743]"
501249,2011,Jaipur,2011-05-09,League,M Vijay,Sawai Mansingh Stadium,Rajasthan Royals,Chennai Super Kings,Rajasthan Royals,field,Chennai Super Kings,runs,63.0,197.0,20.0,N,,K Hariharan,SJA Taufel,501249,197,Rajasthan Royals,0,149.13333333333333,1.320965578900313,"(1.277, 1.41]"
501250,2011,Hyderabad,2011-05-10,League,MR Marsh,"Rajiv Gandhi International Stadium, Uppal",Deccan Chargers,Pune Warriors,Deccan Chargers,bat,Pune Warriors,wickets,6.0,137.0,20.0,N,,Asad Rauf,AM Saheba,501250,137,Pune Warriors,1,170.76923076923077,0.8022522522522523,"(0.743, 0.876]"
501251,2011,Chandigarh,2011-05-10,League,BA Bhatt,"Punjab Cricket Association Stadium, Mohali",Kings XI Punjab,Mumbai Indians,Mumbai Indians,field,Kings XI Punjab,runs,76.0,164.0,20.0,N,,SK Tarapore,RJ Tucker,501251,164,Mumbai Indians,0,177.13333333333333,0.925856228829507,"(0.876, 1.01]"
501252,2011,Jaipur,2011-05-11,League,S Aravind,Sawai Mansingh Stadium,Rajasthan Royals,Royal Challengers Bangalore,Royal Challengers Bangalore,field,Royal Challengers Bangalore,wickets,9.0,147.0,20.0,N,,HDPK Dharmasena,K Hariharan,501252,147,Royal Challengers Bangalore,1,152.125,0.9663105998356615,"(0.876, 1.01]"
501253,2011,Chennai,2011-05-12,League,MS Dhoni,"MA Chidambaram Stadium, Chepauk",Chennai Super Kings,Delhi Daredevils,Chennai Super Kings,bat,Chennai Super Kings,runs,18.0,177.0,20.0,N,,AM Saheba,SL Shastri,501253,177,Delhi Daredevils,0,165.47368421052633,1.0696564885496183,"(1.01, 1.143]"
501255,2011,Bangalore,2011-05-14,League,CH Gayle,M Chinnaswamy Stadium,Royal Challengers Bangalore,Kolkata Knight Riders,Royal Challengers Bangalore,field,Royal Challengers Bangalore,wickets,4.0,102.0,13.0,N,D/L,RE Koertzen,RB Tiffin,501255,90,Royal Challengers Bangalore,1,163.66666666666666,0.54989816700611,"(0.476, 0.609]"
501256,2011,Mumbai,2011-05-14,League,A Mishra,Wankhede Stadium,Mumbai Indians,Deccan Chargers,Deccan Chargers,bat,Deccan Chargers,runs,10.0,136.0,20.0,N,,S Ravi,SK Tarapore,501256,136,Mumbai Indians,0,153.9090909090909,0.8836385115180154,"(0.876, 1.01]"
501257,2011,Dharamsala,2011-05-15,League,PP Chawla,Himachal Pradesh Cricket Association Stadium,Kings XI Punjab,Delhi Daredevils,Delhi Daredevils,field,Kings XI Punjab,runs,29.0,171.0,20.0,N,,Asad Rauf,SL Shastri,501257,171,Delhi Daredevils,0,184.0,0.9293478260869565,"(0.876, 1.01]"
501258,2011,Indore,2011-05-15,League,BJ Hodge,Holkar Cricket Stadium,Kochi Tuskers Kerala,Rajasthan Royals,Kochi Tuskers Kerala,field,Kochi Tuskers Kerala,wickets,8.0,98.0,20.0,N,,PR Reiffel,RJ Tucker,501258,98,Kochi Tuskers Kerala,1,179.0,0.547486033519553,"(0.476, 0.609]"
501259,2011,Mumbai,2011-05-16,League,A Mishra,Dr DY Patil Sports Academy,Pune Warriors,Deccan Chargers,Deccan Chargers,field,Deccan Chargers,wickets,6.0,137.0,20.0,N,,S Ravi,SK Tarapore,501259,137,Deccan Chargers,1,150.26666666666668,0.911712511091393,"(0.876, 1.01]"
501260,2011,Dharamsala,2011-05-17,League,AC Gilchrist,Himachal Pradesh Cricket Association Stadium,Kings XI Punjab,Royal Challengers Bangalore,Kings XI Punjab,bat,Kings XI Punjab,runs,111.0,233.0,20.0,N,,Asad Rauf,AM Saheba,501260,233,Royal Challengers Bangalore,0,179.66666666666666,1.2968460111317255,"(1.277, 1.41]"
501261,2011,Chennai,2011-05-18,League,WP Saha,"MA Chidambaram Stadium, Chepauk",Chennai Super Kings,Kochi Tuskers Kerala,Chennai Super Kings,bat,Chennai Super Kings,runs,11.0,153.0,20.0,N,,HDPK Dharmasena,RE Koertzen,501261,153,Kochi Tuskers Kerala,0,166.05,0.9214092140921408,"(0.876, 1.01]"
501262,2011,Mumbai,2011-05-19,League,YK Pathan,Dr DY Patil Sports Academy,Pune Warriors,Kolkata Knight Riders,Kolkata Knight Riders,field,Kolkata Knight Riders,wickets,7.0,119.0,20.0,N,,S Ravi,SJA Taufel,501262,119,Kolkata Knight Riders,1,149.4375,0.7963195315767462,"(0.743, 0.876]"
501263,2011,Mumbai,2011-05-20,League,SR Watson,Wankhede Stadium,Mumbai Indians,Rajasthan Royals,Mumbai Indians,bat,Rajasthan Royals,wickets,10.0,134.0,20.0,N,,RE Koertzen,PR Reiffel,501263,134,Rajasthan Royals,1,152.41666666666666,0.8791689447785676,"(0.876, 1.01]"
501264,2011,Dharamsala,2011-05-21,League,S Dhawan,Himachal Pradesh Cricket Association Stadium,Kings XI Punjab,Deccan Chargers,Kings XI Punjab,field,Deccan Chargers,runs,82.0,199.0,20.0,N,,Asad Rauf,AM Saheba,501264,199,Kings XI Punjab,0,193.0,1.0310880829015545,"(1.01, 1.143]"
501265,2011,Delhi,2011-05-21,League,,Feroz Shah Kotla,Delhi Daredevils,Pune Warriors,Delhi Daredevils,bat,,no result,,,,N,,SS Hazare,RJ Tucker,501265,57,Pune Warriors,0,166.52631578947367,0.3422882427307206,"(0.341, 0.476]"
501266,2011,Bangalore,2011-05-22,League,CH Gayle,M Chinnaswamy Stadium,Royal Challengers Bangalore,Chennai Super Kings,Royal Challengers Bangalore,field,Royal Challengers Bangalore,wickets,8.0,129.0,20.0,N,,K Hariharan,RE Koertzen,501266,129,Royal Challengers Bangalore,1,159.78947368421052,0.8073122529644269,"(0.743, 0.876]"
501267,2011,Kolkata,2011-05-22,League,JEC Franklin,Eden Gardens,Kolkata Knight Riders,Mumbai Indians,Mumbai Indians,field,Mumbai Indians,wickets,5.0,176.0,20.0,N,,SK Tarapore,SJA Taufel,501267,176,Mumbai Indians,1,145.25,1.2117039586919105,"(1.143, 1.277]"
501268,2011,Mumbai,2011-05-24,Qualifier 1,SK Raina,Wankhede Stadium,Royal Challengers Bangalore,Chennai Super Kings,Chennai Super Kings,field,Chennai Super Kings,wickets,6.0,176.0,20.0,N,,Asad Rauf,SJA Taufel,501268,176,Chennai Super Kings,1,151.0,1.1655629139072847,"(1.143, 1.277]"
501269,2011,Mumbai,2011-05-25,Elimination Final,MM Patel,Wankhede Stadium,Mumbai Indians,Kolkata Knight Riders,Mumbai Indians,field,Mumbai Indians,wickets,4.0,148.0,20.0,N,,Asad Rauf,SJA Taufel,501269,148,Mumbai Indians,1,152.78571428571428,0.9686769518466574,"(0.876, 1.01]"
501270,2011,Chennai,2011-05-27,Qualifier 2,CH Gayle,"MA Chidambaram Stadium, Chepauk",Royal Challengers Bangalore,Mumbai Indians,Mumbai Indians,field,Royal Challengers Bangalore,runs,43.0,186.0,20.0,N,,Asad Rauf,SJA Taufel,501270,186,Mumbai Indians,0,165.42857142857142,1.1243523316062176,"(1.01, 1.143]"
501271,2011,Chennai,2011-05-28,Final,M Vijay,"MA Chidambaram Stadium, Chepauk",Chennai Super Kings,Royal Challengers Bangalore,Chennai Super Kings,bat,Chennai Super Kings,runs,58.0,206.0,20.0,N,,Asad Rauf,SJA Taufel,501271,206,Royal Challengers Bangalore,0,166.36363636363637,1.2382513661202186,"(1.143, 1.277]"
548306,2012,Chennai,2012-04-04,League,RE Levi,"MA Chidambaram Stadium, Chepauk",Chennai Super Kings,Mumbai Indians,Mumbai Indians,field,Mumbai Indians,wickets,8.0,113.0,20.0,N,,JD Cloete,SJA Taufel,548306,113,Mumbai Indians,1,168.08695652173913,0.6722710812209002,"(0.609, 0.743]"
548307,2012,Kolkata,2012-04-05,League,IK Pathan,Eden Gardens,Kolkata Knight Riders,Delhi Daredevils,Delhi Daredevils,field,Delhi Daredevils,wickets,8.0,98.0,12.0,N,,S Asnani,HDPK Dharmasena,548307,98,Delhi Daredevils,1,146.71428571428572,0.667964946445959,"(0.609, 0.743]"
548308,2012,Mumbai,2012-04-06,League,SPD Smith,Wankhede Stadium,Mumbai Indians,Pune Warriors,Mumbai Indians,field,Pune Warriors,runs,28.0,130.0,20.0,N,,AK Chaudhary,SJA Taufel,548308,130,Mumbai Indians,0,152.46666666666667,0.8526453869698295,"(0.743, 0.876]"
548309,2012,Jaipur,2012-04-06,League,AM Rahane,Sawai Mansingh Stadium,Rajasthan Royals,Kings XI Punjab,Kings XI Punjab,field,Rajasthan Royals,runs,31.0,192.0,20.0,N,,BF Bowden,SK Tarapore,548309,192,Kings XI Punjab,0,151.8235294117647,1.2646261139093375,"(1.143, 1.277]"
548310,2012,Bangalore,2012-04-07,League,AB de Villiers,M Chinnaswamy Stadium,Royal Challengers Bangalore,Delhi Daredevils,Delhi Daredevils,field,Royal Challengers Bangalore,runs,20.0,158.0,20.0,N,,S Asnani,S Ravi,548310,158,Delhi Daredevils,0,158.25,0.9984202211690363,"(0.876, 1.01]"
548312,2012,Jaipur,2012-04-08,League,BJ Hodge,Sawai Mansingh Stadium,Rajasthan Royals,Kolkata Knight Riders,Kolkata Knight Riders,field,Rajasthan Royals,runs,22.0,165.0,20.0,N,,BF Bowden,VA Kulkarni,548312,165,Kolkata Knight Riders,0,154.05555555555554,1.0710421925712226,"(1.01, 1.143]"
548314,2012,Visakhapatnam,2012-04-09,League,RG Sharma,Dr. Y.S. Rajasekhara Reddy ACA-VDCA Cricket Stadium,Deccan Chargers,Mumbai Indians,Deccan Chargers,bat,Mumbai Indians,wickets,5.0,139.0,20.0,N,,AK Chaudhary,JD Cloete,548314,139,Mumbai Indians,1,194.0,0.7164948453608248,"(0.609, 0.743]"
548315,2012,Bangalore,2012-04-10,League,L Balaji,M Chinnaswamy Stadium,Royal Challengers Bangalore,Kolkata Knight Riders,Royal Challengers Bangalore,field,Kolkata Knight Riders,runs,42.0,166.0,20.0,N,,S Ravi,RJ Tucker,548315,166,Royal Challengers Bangalore,0,158.23809523809524,1.04905206139031,"(1.01, 1.143]"
548316,2012,Delhi,2012-04-10,League,M Morkel,Feroz Shah Kotla,Delhi Daredevils,Chennai Super Kings,Delhi Daredevils,field,Delhi Daredevils,wickets,8.0,111.0,20.0,N,,Asad Rauf,SK Tarapore,548316,111,Delhi Daredevils,1,161.05,0.6892269481527475,"(0.609, 0.743]"
548317,2012,Mumbai,2012-04-11,League,KA Pollard,Wankhede Stadium,Mumbai Indians,Rajasthan Royals,Rajasthan Royals,field,Mumbai Indians,runs,27.0,198.0,20.0,N,,Aleem Dar,BNJ Oxenford,548317,198,Rajasthan Royals,0,151.0625,1.3107157633429871,"(1.277, 1.41]"
548318,2012,Chennai,2012-04-12,League,F du Plessis,"MA Chidambaram Stadium, Chepauk",Chennai Super Kings,Royal Challengers Bangalore,Royal Challengers Bangalore,bat,Chennai Super Kings,wickets,5.0,206.0,20.0,N,,HDPK Dharmasena,RJ Tucker,548318,206,Chennai Super Kings,1,165.79166666666666,1.242523247046997,"(1.143, 1.277]"
548319,2012,Chandigarh,2012-04-12,League,AD Mascarenhas,"Punjab Cricket Association Stadium, Mohali",Kings XI Punjab,Pune Warriors,Kings XI Punjab,field,Kings XI Punjab,wickets,7.0,116.0,20.0,N,,VA Kulkarni,SK Tarapore,548319,116,Kings XI Punjab,1,176.3125,0.6579227224388515,"(0.609, 0.743]"
548320,2012,Kolkata,2012-04-13,League,Shakib Al Hasan,Eden Gardens,Kolkata Knight Riders,Rajasthan Royals,Rajasthan Royals,bat,Kolkata Knight Riders,wickets,5.0,132.0,20.0,N,,Asad Rauf,S Asnani,548320,132,Kolkata Knight Riders,1,144.5,0.9134948096885813,"(0.876, 1.01]"
548322,2012,Pune,2012-04-14,League,JD Ryder,Subrata Roy Sahara Stadium,Pune Warriors,Chennai Super Kings,Chennai Super Kings,bat,Pune Warriors,wickets,7.0,156.0,20.0,N,,Aleem Dar,BNJ Oxenford,548322,156,Pune Warriors,1,167.0,0.9341317365269461,"(0.876, 1.01]"
548323,2012,Kolkata,2012-04-15,League,SP Narine,Eden Gardens,Kolkata Knight Riders,Kings XI Punjab,Kolkata Knight Riders,field,Kings XI Punjab,runs,2.0,135.0,20.0,N,,Asad Rauf,S Asnani,548323,135,Kolkata Knight Riders,0,143.95652173913044,0.9377831470854726,"(0.876, 1.01]"
548324,2012,Bangalore,2012-04-15,League,AM Rahane,M Chinnaswamy Stadium,Royal Challengers Bangalore,Rajasthan Royals,Rajasthan Royals,bat,Rajasthan Royals,runs,59.0,196.0,20.0,N,,JD Cloete,RJ Tucker,548324,196,Royal Challengers Bangalore,0,158.5909090909091,1.235884207509315,"(1.143, 1.277]"
548325,2012,Mumbai,2012-04-16,League,S Nadeem,Wankhede Stadium,Mumbai Indians,Delhi Daredevils,Delhi Daredevils,field,Delhi Daredevils,wickets,7.0,93.0,20.0,N,,BF Bowden,SK Tarapore,548325,93,Delhi Daredevils,1,153.8235294117647,0.6045889101338433,"(0.476, 0.609]"
548326,2012,Jaipur,2012-04-17,League,BJ Hodge,Sawai Mansingh Stadium,Rajasthan Royals,Deccan Chargers,Deccan Chargers,bat,Rajasthan Royals,wickets,5.0,197.0,20.0,N,,Aleem Dar,BNJ Oxenford,548326,197,Rajasthan Royals,1,154.6315789473684,1.273995915588836,"(1.143, 1.277]"
548327,2012,Bangalore,2012-04-17,League,CH Gayle,M Chinnaswamy Stadium,Royal Challengers Bangalore,Pune Warriors,Pune Warriors,bat,Royal Challengers Bangalore,wickets,6.0,183.0,20.0,N,,S Asnani,S Das,548327,183,Royal Challengers Bangalore,1,160.2173913043478,1.1421981004070558,"(1.01, 1.143]"
548328,2012,Chandigarh,2012-04-18,League,G Gambhir,"Punjab Cricket Association Stadium, Mohali",Kings XI Punjab,Kolkata Knight Riders,Kings XI Punjab,bat,Kolkata Knight Riders,wickets,8.0,125.0,20.0,N,,JD Cloete,RJ Tucker,548328,125,Kolkata Knight Riders,1,172.76470588235293,0.7235274089206674,"(0.609, 0.743]"
548321,2012,Delhi,2012-04-19,League,KP Pietersen,Feroz Shah Kotla,Delhi Daredevils,Deccan Chargers,Deccan Chargers,bat,Delhi Daredevils,wickets,5.0,158.0,20.0,N,,BF Bowden,SK Tarapore,548321,158,Delhi Daredevils,1,158.66666666666666,0.9957983193277311,"(0.876, 1.01]"
548330,2012,Chennai,2012-04-19,League,KMDN Kulasekara,"MA Chidambaram Stadium, Chepauk",Chennai Super Kings,Pune Warriors,Pune Warriors,field,Chennai Super Kings,runs,13.0,165.0,20.0,N,,Asad Rauf,S Das,548330,165,Pune Warriors,0,167.4,0.985663082437276,"(0.876, 1.01]"
548331,2012,Chandigarh,2012-04-20,League,CH Gayle,"Punjab Cricket Association Stadium, Mohali",Kings XI Punjab,Royal Challengers Bangalore,Royal Challengers Bangalore,field,Royal Challengers Bangalore,wickets,5.0,164.0,20.0,N,,S Ravi,RJ Tucker,548331,164,Royal Challengers Bangalore,1,170.11111111111111,0.9640757674722403,"(0.876, 1.01]"
548332,2012,Chennai,2012-04-21,League,F du Plessis,"MA Chidambaram Stadium, Chepauk",Chennai Super Kings,Rajasthan Royals,Rajasthan Royals,bat,Chennai Super Kings,wickets,7.0,147.0,20.0,N,,Aleem Dar,BNJ Oxenford,548332,147,Chennai Super Kings,1,167.30769230769232,0.8786206896551724,"(0.876, 1.01]"
548333,2012,Delhi,2012-04-21,League,SC Ganguly,Feroz Shah Kotla,Delhi Daredevils,Pune Warriors,Delhi Daredevils,field,Pune Warriors,runs,20.0,193.0,20.0,N,,Asad Rauf,S Das,548333,193,Delhi Daredevils,0,158.63636363636363,1.2166189111747852,"(1.143, 1.277]"
548334,2012,Mumbai,2012-04-22,League,SE Marsh,Wankhede Stadium,Mumbai Indians,Kings XI Punjab,Mumbai Indians,bat,Kings XI Punjab,wickets,6.0,164.0,20.0,N,,S Ravi,RJ Tucker,548334,164,Kings XI Punjab,1,150.44444444444446,1.090103397341211,"(1.01, 1.143]"
548335,2012,Cuttack,2012-04-22,League,B Lee,Barabati Stadium,Deccan Chargers,Kolkata Knight Riders,Kolkata Knight Riders,field,Kolkata Knight Riders,wickets,5.0,127.0,20.0,N,,BF Bowden,SK Tarapore,548335,127,Kolkata Knight Riders,1,171.5,0.7405247813411079,"(0.609, 0.743]"
548336,2012,Jaipur,2012-04-23,League,AB de Villiers,Sawai Mansingh Stadium,Rajasthan Royals,Royal Challengers Bangalore,Rajasthan Royals,field,Royal Challengers Bangalore,runs,46.0,190.0,20.0,N,,Asad Rauf,S Asnani,548336,190,Rajasthan Royals,0,156.75,1.2121212121212122,"(1.143, 1.277]"
548337,2012,Pune,2012-04-24,League,V Sehwag,Subrata Roy Sahara Stadium,Pune Warriors,Delhi Daredevils,Pune Warriors,bat,Delhi Daredevils,wickets,8.0,147.0,20.0,N,,S Ravi,RJ Tucker,548337,147,Delhi Daredevils,1,161.5,0.9102167182662538,"(0.876, 1.01]"
548339,2012,Chandigarh,2012-04-25,League,AT Rayudu,"Punjab Cricket Association Stadium, Mohali",Kings XI Punjab,Mumbai Indians,Kings XI Punjab,bat,Mumbai Indians,wickets,4.0,169.0,20.0,N,,Aleem Dar,BNJ Oxenford,548339,169,Mumbai Indians,1,169.78947368421052,0.995350278983261,"(0.876, 1.01]"
548341,2012,Pune,2012-04-26,League,CL White,Subrata Roy Sahara Stadium,Pune Warriors,Deccan Chargers,Deccan Chargers,bat,Deccan Chargers,runs,18.0,178.0,20.0,N,,S Ravi,RJ Tucker,548341,178,Pune Warriors,0,156.66666666666666,1.1361702127659574,"(1.01, 1.143]"
548342,2012,Delhi,2012-04-27,League,V Sehwag,Feroz Shah Kotla,Delhi Daredevils,Mumbai Indians,Mumbai Indians,field,Delhi Daredevils,runs,37.0,208.0,20.0,N,,Aleem Dar,BNJ Oxenford,548342,208,Mumbai Indians,0,160.1304347826087,1.298941080640782,"(1.277, 1.41]"
548343,2012,Chennai,2012-04-28,League,Mandeep Singh,"MA Chidambaram Stadium, Chepauk",Chennai Super Kings,Kings XI Punjab,Kings XI Punjab,bat,Kings XI Punjab,runs,7.0,157.0,20.0,N,,BF Bowden,SK Tarapore,548343,157,Chennai Super Kings,0,166.55555555555554,0.942628418945964,"(0.876, 1.01]"
548344,2012,Kolkata,2012-04-28,League,G Gambhir,Eden Gardens,Kolkata Knight Riders,Royal Challengers Bangalore,Kolkata Knight Riders,bat,Kolkata Knight Riders,runs,47.0,191.0,20.0,N,,Asad Rauf,BR Doctrove,548344,191,Royal Challengers Bangalore,0,143.58333333333334,1.330237957051654,"(1.277, 1.41]"
548345,2012,Delhi,2012-04-29,League,V Sehwag,Feroz Shah Kotla,Delhi Daredevils,Rajasthan Royals,Delhi Daredevils,bat,Delhi Daredevils,runs,1.0,153.0,20.0,N,,S Ravi,RJ Tucker,548345,153,Rajasthan Royals,0,162.125,0.943716268311488,"(0.876, 1.01]"
548346,2012,Mumbai,2012-04-29,League,DW Steyn,Wankhede Stadium,Mumbai Indians,Deccan Chargers,Mumbai Indians,field,Mumbai Indians,wickets,5.0,101.0,20.0,N,,AK Chaudhary,BNJ Oxenford,548346,101,Mumbai Indians,1,151.1578947368421,0.6681754874651811,"(0.609, 0.743]"
548347,2012,Chennai,2012-04-30,League,G Gambhir,"MA Chidambaram Stadium, Chepauk",Chennai Super Kings,Kolkata Knight Riders,Chennai Super Kings,bat,Kolkata Knight Riders,wickets,5.0,140.0,20.0,N,,BF Bowden,C Shamshuddin,548347,140,Kolkata Knight Riders,1,166.21428571428572,0.842286205414697,"(0.743, 0.876]"
548348,2012,Cuttack,2012-05-01,League,KC Sangakkara,Barabati Stadium,Deccan Chargers,Pune Warriors,Deccan Chargers,bat,Deccan Chargers,runs,13.0,187.0,20.0,N,,Aleem Dar,AK Chaudhary,548348,187,Pune Warriors,0,156.66666666666666,1.1936170212765957,"(1.143, 1.277]"
548349,2012,Jaipur,2012-05-01,League,P Negi,Sawai Mansingh Stadium,Rajasthan Royals,Delhi Daredevils,Rajasthan Royals,bat,Delhi Daredevils,wickets,6.0,142.0,20.0,N,,JD Cloete,SJA Taufel,548349,142,Delhi Daredevils,1,158.33333333333334,0.8968421052631579,"(0.876, 1.01]"
548350,2012,Bangalore,2012-05-02,League,Azhar Mahmood,M Chinnaswamy Stadium,Royal Challengers Bangalore,Kings XI Punjab,Kings XI Punjab,field,Kings XI Punjab,wickets,4.0,159.0,20.0,N,,BF Bowden,C Shamshuddin,548350,159,Kings XI Punjab,1,161.16666666666666,0.986556359875905,"(0.876, 1.01]"
548351,2012,Pune,2012-05-03,League,SL Malinga,Subrata Roy Sahara Stadium,Pune Warriors,Mumbai Indians,Mumbai Indians,bat,Mumbai Indians,runs,1.0,121.0,20.0,N,,Asad Rauf,S Asnani,548351,121,Pune Warriors,0,162.0,0.7469135802469136,"(0.743, 0.876]"
548352,2012,Chennai,2012-05-04,League,SK Raina,"MA Chidambaram Stadium, Chepauk",Chennai Super Kings,Deccan Chargers,Chennai Super Kings,bat,Chennai Super Kings,runs,10.0,161.0,20.0,N,,HDPK Dharmasena,BNJ Oxenford,548352,161,Deccan Chargers,0,165.31034482758622,0.9739257405089695,"(0.876, 1.01]"
548353,2012,Kolkata,2012-05-05,League,SP Narine,Eden Gardens,Kolkata Knight Riders,Pune Warriors,Kolkata Knight Riders,bat,Kolkata Knight Riders,runs,7.0,151.0,20.0,N,,BF Bowden,SK Tarapore,548353,151,Pune Warriors,0,145.48,1.0379433599120154,"(1.01, 1.143]"
548354,2012,Chandigarh,2012-05-05,League,SR Watson,"Punjab Cricket Association Stadium, Mohali",Kings XI Punjab,Rajasthan Royals,Rajasthan Royals,bat,Rajasthan Royals,runs,43.0,178.0,20.0,N,,JD Cloete,SJA Taufel,548354,178,Kings XI Punjab,0,169.75,1.04860088365243,"(1.01, 1.143]"
548355,2012,Mumbai,2012-05-06,League,DR Smith,Wankhede Stadium,Mumbai Indians,Chennai Super Kings,Mumbai Indians,field,Mumbai Indians,wickets,2.0,174.0,20.0,N,,Asad Rauf,S Asnani,548355,174,Mumbai Indians,1,148.65,1.170534813319879,"(1.143, 1.277]"
548356,2012,Bangalore,2012-05-06,League,AB de Villiers,M Chinnaswamy Stadium,Royal Challengers Bangalore,Deccan Chargers,Royal Challengers Bangalore,field,Royal Challengers Bangalore,wickets,5.0,182.0,20.0,N,,HDPK Dharmasena,BNJ Oxenford,548356,182,Royal Challengers Bangalore,1,161.08,1.1298733548547304,"(1.01, 1.143]"
548357,2012,Delhi,2012-05-07,League,JH Kallis,Feroz Shah Kotla,Delhi Daredevils,Kolkata Knight Riders,Delhi Daredevils,bat,Kolkata Knight Riders,wickets,6.0,154.0,20.0,N,,JD Cloete,S Ravi,548357,154,Kolkata Knight Riders,1,161.76,0.9520276953511375,"(0.876, 1.01]"
548358,2012,Pune,2012-05-08,League,SR Watson,Subrata Roy Sahara Stadium,Pune Warriors,Rajasthan Royals,Pune Warriors,bat,Rajasthan Royals,wickets,7.0,126.0,20.0,N,,Asad Rauf,BR Doctrove,548358,126,Rajasthan Royals,1,153.8,0.8192457737321196,"(0.743, 0.876]"
548359,2012,Hyderabad,2012-05-08,League,Mandeep Singh,"Rajiv Gandhi International Stadium, Uppal",Deccan Chargers,Kings XI Punjab,Deccan Chargers,field,Kings XI Punjab,runs,25.0,171.0,20.0,N,,HDPK Dharmasena,BNJ Oxenford,548359,171,Deccan Chargers,0,168.35714285714286,1.0156979210861263,"(1.01, 1.143]"
548360,2012,Mumbai,2012-05-09,League,CH Gayle,Wankhede Stadium,Mumbai Indians,Royal Challengers Bangalore,Royal Challengers Bangalore,field,Royal Challengers Bangalore,wickets,9.0,142.0,20.0,N,,BF Bowden,VA Kulkarni,548360,142,Royal Challengers Bangalore,1,149.85714285714286,0.9475691134413727,"(0.876, 1.01]"
548329,2012,Hyderabad,2012-05-10,League,DA Warner,"Rajiv Gandhi International Stadium, Uppal",Deccan Chargers,Delhi Daredevils,Deccan Chargers,bat,Delhi Daredevils,wickets,9.0,188.0,20.0,N,,JD Cloete,SJA Taufel,548329,188,Delhi Daredevils,1,168.53333333333333,1.115506329113924,"(1.01, 1.143]"
548361,2012,Jaipur,2012-05-10,League,BW Hilfenhaus,Sawai Mansingh Stadium,Rajasthan Royals,Chennai Super Kings,Chennai Super Kings,field,Chennai Super Kings,wickets,4.0,127.0,20.0,N,,BNJ Oxenford,C Shamshuddin,548361,127,Chennai Super Kings,1,157.5909090909091,0.8058840496106143,"(0.743, 0.876]"
548362,2012,Pune,2012-05-11,League,CH Gayle,Subrata Roy Sahara Stadium,Pune Warriors,Royal Challengers Bangalore,Pune Warriors,field,Royal Challengers Bangalore,runs,35.0,174.0,20.0,N,,BF Bowden,SK Tarapore,548362,174,Pune Warriors,0,149.16666666666666,1.1664804469273744,"(1.143, 1.277]"
548363,2012,Kolkata,2012-05-12,League,RG Sharma,Eden Gardens,Kolkata Knight Riders,Mumbai Indians,Mumbai Indians,bat,Mumbai Indians,runs,27.0,183.0,20.0,N,,S Ravi,SJA Taufel,548363,183,Kolkata Knight Riders,0,145.69230769230768,1.2560718057022175,"(1.143, 1.277]"
548364,2012,Chennai,2012-05-12,League,BW Hilfenhaus,"MA Chidambaram Stadium, Chepauk",Chennai Super Kings,Delhi Daredevils,Chennai Super Kings,field,Chennai Super Kings,wickets,9.0,115.0,20.0,N,,S Das,BR Doctrove,548364,115,Chennai Super Kings,1,165.16666666666666,0.6962663975782039,"(0.609, 0.743]"
548365,2012,Jaipur,2012-05-13,League,A Chandila,Sawai Mansingh Stadium,Rajasthan Royals,Pune Warriors,Rajasthan Royals,bat,Rajasthan Royals,runs,45.0,171.0,20.0,N,,BF Bowden,SK Tarapore,548365,171,Pune Warriors,0,156.2608695652174,1.0943238731218696,"(1.01, 1.143]"
548366,2012,Chandigarh,2012-05-13,League,DJ Hussey,"Punjab Cricket Association Stadium, Mohali",Kings XI Punjab,Deccan Chargers,Deccan Chargers,bat,Kings XI Punjab,wickets,4.0,191.0,20.0,N,,HDPK Dharmasena,BNJ Oxenford,548366,191,Kings XI Punjab,1,170.14285714285714,1.1225860621326618,"(1.01, 1.143]"
548367,2012,Bangalore,2012-05-14,League,AT Rayudu,M Chinnaswamy Stadium,Royal Challengers Bangalore,Mumbai Indians,Mumbai Indians,field,Mumbai Indians,wickets,5.0,172.0,20.0,N,,S Das,BR Doctrove,548367,172,Mumbai Indians,1,161.8846153846154,1.0624851508671893,"(1.01, 1.143]"
548368,2012,Kolkata,2012-05-14,League,MEK Hussey,Eden Gardens,Kolkata Knight Riders,Chennai Super Kings,Chennai Super Kings,field,Chennai Super Kings,wickets,5.0,159.0,20.0,N,,JD Cloete,SJA Taufel,548368,159,Chennai Super Kings,1,147.07407407407408,1.08108788718207,"(1.01, 1.143]"
548369,2012,Delhi,2012-05-15,League,UT Yadav,Feroz Shah Kotla,Delhi Daredevils,Kings XI Punjab,Kings XI Punjab,bat,Delhi Daredevils,wickets,5.0,137.0,20.0,N,,HDPK Dharmasena,BNJ Oxenford,548369,137,Delhi Daredevils,1,161.46153846153845,0.8484992853739877,"(0.743, 0.876]"
548370,2012,Mumbai,2012-05-16,League,SP Narine,Wankhede Stadium,Mumbai Indians,Kolkata Knight Riders,Mumbai Indians,field,Kolkata Knight Riders,runs,32.0,141.0,20.0,N,,S Das,BR Doctrove,548370,141,Mumbai Indians,0,149.5,0.9431438127090301,"(0.876, 1.01]"
548371,2012,Dharamsala,2012-05-17,League,AC Gilchrist,Himachal Pradesh Cricket Association Stadium,Kings XI Punjab,Chennai Super Kings,Kings XI Punjab,field,Kings XI Punjab,wickets,6.0,121.0,20.0,N,,VA Kulkarni,SK Tarapore,548371,121,Kings XI Punjab,1,194.2,0.6230690010298662,"(0.609, 0.743]"
548372,2012,Delhi,2012-05-17,League,CH Gayle,Feroz Shah Kotla,Delhi Daredevils,Royal Challengers Bangalore,Delhi Daredevils,field,Royal Challengers Bangalore,runs,21.0,216.0,20.0,N,,HDPK Dharmasena,C Shamshuddin,548372,216,Delhi Daredevils,0,160.55555555555554,1.3453287197231836,"(1.277, 1.41]"
548373,2012,Hyderabad,2012-05-18,League,DW Steyn,"Rajiv Gandhi International Stadium, Uppal",Deccan Chargers,Rajasthan Royals,Rajasthan Royals,bat,Deccan Chargers,wickets,5.0,127.0,20.0,N,,S Ravi,SJA Taufel,548373,127,Deccan Chargers,1,169.75,0.748159057437408,"(0.743, 0.876]"
548374,2012,Dharamsala,2012-05-19,League,UT Yadav,Himachal Pradesh Cricket Association Stadium,Kings XI Punjab,Delhi Daredevils,Delhi Daredevils,field,Delhi Daredevils,wickets,6.0,142.0,20.0,N,,BF Bowden,VA Kulkarni,548374,142,Delhi Daredevils,1,182.0,0.7802197802197802,"(0.743, 0.876]"
548375,2012,Pune,2012-05-19,League,Shakib Al Hasan,Subrata Roy Sahara Stadium,Pune Warriors,Kolkata Knight Riders,Kolkata Knight Riders,bat,Kolkata Knight Riders,runs,34.0,137.0,20.0,N,,S Asnani,BR Doctrove,548375,137,Pune Warriors,0,152.71428571428572,0.8971000935453695,"(0.876, 1.01]"
548376,2012,Hyderabad,2012-05-20,League,DW Steyn,"Rajiv Gandhi International Stadium, Uppal",Deccan Chargers,Royal Challengers Bangalore,Royal Challengers Bangalore,field,Deccan Chargers,runs,9.0,133.0,20.0,N,,S Ravi,SJA Taufel,548376,133,Royal Challengers Bangalore,0,167.23529411764707,0.7952866690116074,"(0.743, 0.876]"
548377,2012,Jaipur,2012-05-20,League,DR Smith,Sawai Mansingh Stadium,Rajasthan Royals,Mumbai Indians,Rajasthan Royals,bat,Mumbai Indians,wickets,10.0,163.0,20.0,N,,HDPK Dharmasena,C Shamshuddin,548377,163,Mumbai Indians,1,156.875,1.0390438247011953,"(1.01, 1.143]"
548378,2012,Pune,2012-05-22,Qualifier 1,YK Pathan,Subrata Roy Sahara Stadium,Delhi Daredevils,Kolkata Knight Riders,Kolkata Knight Riders,bat,Kolkata Knight Riders,runs,18.0,163.0,20.0,N,,BR Doctrove,SJA Taufel,548378,163,Delhi Daredevils,0,150.75,1.0812603648424544,"(1.01, 1.143]"
548379,2012,Bangalore,2012-05-23,Elimination Final,MS Dhoni,M Chinnaswamy Stadium,Chennai Super Kings,Mumbai Indians,Mumbai Indians,field,Chennai Super Kings,runs,38.0,188.0,20.0,N,,BF Bowden,HDPK Dharmasena,548379,188,Mumbai Indians,0,162.25925925925927,1.158639580004565,"(1.143, 1.277]"
548380,2012,Chennai,2012-05-25,Qualifier 2,M Vijay,"MA Chidambaram Stadium, Chepauk",Delhi Daredevils,Chennai Super Kings,Delhi Daredevils,field,Chennai Super Kings,runs,86.0,223.0,20.0,N,,BR Doctrove,SJA Taufel,548380,223,Delhi Daredevils,0,163.5483870967742,1.3635108481262326,"(1.277, 1.41]"
548381,2012,Chennai,2012-05-27,Final,MS Bisla,"MA Chidambaram Stadium, Chepauk",Kolkata Knight Riders,Chennai Super Kings,Chennai Super Kings,bat,Kolkata Knight Riders,wickets,5.0,191.0,20.0,N,,BF Bowden,SJA Taufel,548381,191,Kolkata Knight Riders,1,165.40625,1.154732665784999,"(1.143, 1.277]"
597998,2013,Kolkata,2013-04-03,League,SP Narine,Eden Gardens,Kolkata Knight Riders,Delhi Daredevils,Kolkata Knight Riders,field,Kolkata Knight Riders,wickets,6.0,129.0,20.0,N,,S Ravi,SJA Taufel,597998,129,Kolkata Knight Riders,1,147.5,0.8745762711864407,"(0.743, 0.876]"
597999,2013,Bangalore,2013-04-04,League,CH Gayle,M Chinnaswamy Stadium,Royal Challengers Bangalore,Mumbai Indians,Mumbai Indians,field,Royal Challengers Bangalore,runs,2.0,157.0,20.0,N,,VA Kulkarni,C Shamshuddin,597999,157,Mumbai Indians,0,163.17857142857142,0.9621361348216241,"(0.876, 1.01]"
598000,2013,Hyderabad,2013-04-05,League,A Mishra,"Rajiv Gandhi International Stadium, Uppal",Sunrisers Hyderabad,Pune Warriors,Pune Warriors,field,Sunrisers Hyderabad,runs,22.0,127.0,20.0,N,,S Ravi,SJA Taufel,598000,127,Pune Warriors,0,165.33333333333334,0.7681451612903225,"(0.743, 0.876]"
598001,2013,Delhi,2013-04-06,League,R Dravid,Feroz Shah Kotla,Delhi Daredevils,Rajasthan Royals,Rajasthan Royals,bat,Rajasthan Royals,runs,5.0,166.0,20.0,N,,S Das,C Shamshuddin,598001,166,Delhi Daredevils,0,162.53571428571428,1.021313996923753,"(1.01, 1.143]"
598002,2013,Chennai,2013-04-06,League,KA Pollard,"MA Chidambaram Stadium, Chepauk",Chennai Super Kings,Mumbai Indians,Mumbai Indians,bat,Mumbai Indians,runs,9.0,149.0,20.0,N,,M Erasmus,VA Kulkarni,598002,149,Chennai Super Kings,0,166.1818181818182,0.8966083150984683,"(0.876, 1.01]"
598003,2013,Pune,2013-04-07,League,M Vohra,Subrata Roy Sahara Stadium,Pune Warriors,Kings XI Punjab,Pune Warriors,bat,Kings XI Punjab,wickets,8.0,100.0,20.0,N,,S Asnani,SJA Taufel,598003,100,Kings XI Punjab,1,152.11111111111111,0.6574141709276844,"(0.609, 0.743]"
598004,2013,Hyderabad,2013-04-07,League,GH Vihari,"Rajiv Gandhi International Stadium, Uppal",Sunrisers Hyderabad,Royal Challengers Bangalore,Royal Challengers Bangalore,bat,Sunrisers Hyderabad,tie,,131.0,20.0,Y,,AK Chaudhary,S Ravi,598004,131,Sunrisers Hyderabad,1,163.31578947368422,0.8021269738962294,"(0.743, 0.876]"
598005,2013,Jaipur,2013-04-08,League,SK Trivedi,Sawai Mansingh Stadium,Rajasthan Royals,Kolkata Knight Riders,Kolkata Knight Riders,field,Rajasthan Royals,runs,19.0,145.0,20.0,N,,Aleem Dar,S Das,598005,145,Kolkata Knight Riders,0,157.12,0.9228615071283095,"(0.876, 1.01]"
598006,2013,Mumbai,2013-04-09,League,KD Karthik,Wankhede Stadium,Mumbai Indians,Delhi Daredevils,Mumbai Indians,bat,Mumbai Indians,runs,44.0,210.0,20.0,N,,M Erasmus,VA Kulkarni,598006,210,Delhi Daredevils,0,149.1304347826087,1.4081632653061225,"(1.277, 1.41]"
598048,2013,Bangalore,2013-04-09,League,V Kohli,M Chinnaswamy Stadium,Royal Challengers Bangalore,Sunrisers Hyderabad,Sunrisers Hyderabad,bat,Royal Challengers Bangalore,wickets,7.0,162.0,20.0,N,,S Ravi,SJA Taufel,598048,162,Royal Challengers Bangalore,1,162.9655172413793,0.9940753279729159,"(0.876, 1.01]"
598007,2013,Chandigarh,2013-04-10,League,MEK Hussey,"Punjab Cricket Association Stadium, Mohali",Kings XI Punjab,Chennai Super Kings,Chennai Super Kings,field,Chennai Super Kings,wickets,10.0,139.0,20.0,N,,Aleem Dar,C Shamshuddin,598007,139,Chennai Super Kings,1,171.0909090909091,0.8124335812964931,"(0.743, 0.876]"
598008,2013,Bangalore,2013-04-11,League,CH Gayle,M Chinnaswamy Stadium,Royal Challengers Bangalore,Kolkata Knight Riders,Royal Challengers Bangalore,field,Royal Challengers Bangalore,wickets,8.0,155.0,20.0,N,,Asad Rauf,AK Chaudhary,598008,155,Royal Challengers Bangalore,1,162.93333333333334,0.9513093289689034,"(0.876, 1.01]"
598009,2013,Pune,2013-04-11,League,AJ Finch,Subrata Roy Sahara Stadium,Pune Warriors,Rajasthan Royals,Rajasthan Royals,bat,Pune Warriors,wickets,7.0,146.0,20.0,N,,M Erasmus,K Srinath,598009,146,Pune Warriors,1,146.9,0.9938733832539142,"(0.876, 1.01]"
598010,2013,Delhi,2013-04-12,League,A Mishra,Feroz Shah Kotla,Delhi Daredevils,Sunrisers Hyderabad,Delhi Daredevils,bat,Sunrisers Hyderabad,wickets,3.0,115.0,20.0,N,,Aleem Dar,Subroto Das,598010,115,Sunrisers Hyderabad,1,162.6551724137931,0.7070171719313122,"(0.609, 0.743]"
598011,2013,Mumbai,2013-04-13,League,RG Sharma,Wankhede Stadium,Mumbai Indians,Pune Warriors,Mumbai Indians,bat,Mumbai Indians,runs,41.0,184.0,20.0,N,,S Ravi,SJA Taufel,598011,184,Pune Warriors,0,151.66666666666666,1.2131868131868133,"(1.143, 1.277]"
598012,2013,Chennai,2013-04-13,League,RA Jadeja,"MA Chidambaram Stadium, Chepauk",Chennai Super Kings,Royal Challengers Bangalore,Chennai Super Kings,field,Chennai Super Kings,wickets,4.0,166.0,20.0,N,,Asad Rauf,AK Chaudhary,598012,166,Chennai Super Kings,1,165.6764705882353,1.0019527782709035,"(0.876, 1.01]"
598013,2013,Kolkata,2013-04-14,League,G Gambhir,Eden Gardens,Kolkata Knight Riders,Sunrisers Hyderabad,Kolkata Knight Riders,bat,Kolkata Knight Riders,runs,48.0,181.0,20.0,N,,M Erasmus,VA Kulkarni,598013,181,Sunrisers Hyderabad,0,146.86206896551724,1.2324489316741019,"(1.143, 1.277]"
598014,2013,Jaipur,2013-04-14,League,JP Faulkner,Sawai Mansingh Stadium,Rajasthan Royals,Kings XI Punjab,Rajasthan Royals,field,Rajasthan Royals,wickets,6.0,125.0,20.0,N,,Aleem Dar,C Shamshuddin,598014,125,Rajasthan Royals,1,156.65384615384616,0.7979376381045912,"(0.743, 0.876]"
598015,2013,Chennai,2013-04-15,League,SPD Smith,"MA Chidambaram Stadium, Chepauk",Chennai Super Kings,Pune Warriors,Pune Warriors,bat,Pune Warriors,runs,24.0,160.0,20.0,N,,Asad Rauf,AK Chaudhary,598015,160,Chennai Super Kings,0,165.68571428571428,0.9656837385756165,"(0.876, 1.01]"
598016,2013,Chandigarh,2013-04-16,League,MS Gony,"Punjab Cricket Association Stadium, Mohali",Kings XI Punjab,Kolkata Knight Riders,Kolkata Knight Riders,field,Kings XI Punjab,runs,4.0,158.0,20.0,N,,CK Nandan,SJA Taufel,598016,158,Kolkata Knight Riders,0,169.69565217391303,0.9310786574429927,"(0.876, 1.01]"
598017,2013,Bangalore,2013-04-16,League,V Kohli,M Chinnaswamy Stadium,Royal Challengers Bangalore,Delhi Daredevils,Royal Challengers Bangalore,field,Royal Challengers Bangalore,tie,,153.0,20.0,Y,,M Erasmus,VA Kulkarni,598017,153,Royal Challengers Bangalore,1,162.67741935483872,0.9405116002379535,"(0.876, 1.01]"
598019,2013,Jaipur,2013-04-17,League,AM Rahane,Sawai Mansingh Stadium,Rajasthan Royals,Mumbai Indians,Rajasthan Royals,bat,Rajasthan Royals,runs,87.0,180.0,20.0,N,,Aleem Dar,C Shamshuddin,598019,180,Mumbai Indians,0,155.4814814814815,1.1576941400666982,"(1.143, 1.277]"
598020,2013,Delhi,2013-04-18,League,MEK Hussey,Feroz Shah Kotla,Delhi Daredevils,Chennai Super Kings,Chennai Super Kings,bat,Chennai Super Kings,runs,86.0,170.0,20.0,N,,M Erasmus,VA Kulkarni,598020,170,Delhi Daredevils,0,161.06666666666666,1.0554635761589404,"(1.01, 1.143]"
598021,2013,Hyderabad,2013-04-19,League,GH Vihari,"Rajiv Gandhi International Stadium, Uppal",Sunrisers Hyderabad,Kings XI Punjab,Kings XI Punjab,bat,Sunrisers Hyderabad,wickets,5.0,124.0,20.0,N,,HDPK Dharmasena,CK Nandan,598021,124,Sunrisers Hyderabad,1,161.7,0.766852195423624,"(0.743, 0.876]"
598022,2013,Kolkata,2013-04-20,League,RA Jadeja,Eden Gardens,Kolkata Knight Riders,Chennai Super Kings,Kolkata Knight Riders,bat,Chennai Super Kings,wickets,4.0,120.0,20.0,N,,Asad Rauf,AK Chaudhary,598022,120,Chennai Super Kings,1,148.0,0.8108108108108109,"(0.743, 0.876]"
598023,2013,Bangalore,2013-04-20,League,R Vinay Kumar,M Chinnaswamy Stadium,Royal Challengers Bangalore,Rajasthan Royals,Royal Challengers Bangalore,field,Royal Challengers Bangalore,wickets,7.0,118.0,20.0,N,,Aleem Dar,C Shamshuddin,598023,118,Royal Challengers Bangalore,1,162.375,0.7267128560431101,"(0.609, 0.743]"
598024,2013,Delhi,2013-04-21,League,V Sehwag,Feroz Shah Kotla,Delhi Daredevils,Mumbai Indians,Mumbai Indians,bat,Delhi Daredevils,wickets,9.0,162.0,20.0,N,,HDPK Dharmasena,S Ravi,598024,162,Delhi Daredevils,1,161.3548387096774,1.0039984006397442,"(0.876, 1.01]"
598025,2013,Chandigarh,2013-04-21,League,DA Miller,"Punjab Cricket Association Stadium, Mohali",Kings XI Punjab,Pune Warriors,Kings XI Punjab,field,Kings XI Punjab,wickets,7.0,186.0,20.0,N,,M Erasmus,K Srinath,598025,186,Kings XI Punjab,1,169.20833333333334,1.0992366412213739,"(1.01, 1.143]"
598026,2013,Chennai,2013-04-22,League,MEK Hussey,"MA Chidambaram Stadium, Chepauk",Chennai Super Kings,Rajasthan Royals,Rajasthan Royals,bat,Chennai Super Kings,wickets,5.0,186.0,20.0,N,,S Asnani,AK Chaudhary,598026,186,Chennai Super Kings,1,165.52777777777777,1.1236784695418696,"(1.01, 1.143]"
598027,2013,Bangalore,2013-04-23,League,CH Gayle,M Chinnaswamy Stadium,Royal Challengers Bangalore,Pune Warriors,Pune Warriors,field,Royal Challengers Bangalore,runs,130.0,264.0,20.0,N,,Aleem Dar,C Shamshuddin,598027,264,Pune Warriors,0,161.03030303030303,1.6394429808054196,"(1.544, 1.677]"
598059,2013,Delhi,2013-04-23,League,Harmeet Singh,Feroz Shah Kotla,Delhi Daredevils,Kings XI Punjab,Kings XI Punjab,field,Kings XI Punjab,wickets,5.0,121.0,20.0,N,,VA Kulkarni,K Srinath,598059,121,Kings XI Punjab,1,161.375,0.7498063516653757,"(0.743, 0.876]"
598029,2013,Kolkata,2013-04-24,League,DR Smith,Eden Gardens,Kolkata Knight Riders,Mumbai Indians,Kolkata Knight Riders,bat,Mumbai Indians,wickets,5.0,160.0,20.0,N,,HDPK Dharmasena,S Ravi,598029,160,Mumbai Indians,1,147.09677419354838,1.087719298245614,"(1.01, 1.143]"
598030,2013,Chennai,2013-04-25,League,MS Dhoni,"MA Chidambaram Stadium, Chepauk",Chennai Super Kings,Sunrisers Hyderabad,Sunrisers Hyderabad,bat,Chennai Super Kings,wickets,5.0,160.0,20.0,N,,Aleem Dar,S Das,598030,160,Chennai Super Kings,1,166.0810810810811,0.9633848657445077,"(0.876, 1.01]"
598031,2013,Kolkata,2013-04-26,League,JH Kallis,Eden Gardens,Kolkata Knight Riders,Kings XI Punjab,Kings XI Punjab,bat,Kolkata Knight Riders,wickets,6.0,150.0,20.0,N,,CK Nandan,S Ravi,598031,150,Kolkata Knight Riders,1,147.5,1.0169491525423728,"(1.01, 1.143]"
598032,2013,Jaipur,2013-04-27,League,JP Faulkner,Sawai Mansingh Stadium,Rajasthan Royals,Sunrisers Hyderabad,Sunrisers Hyderabad,bat,Rajasthan Royals,wickets,8.0,145.0,20.0,N,,VA Kulkarni,K Srinath,598032,145,Rajasthan Royals,1,156.35714285714286,0.9273640931932389,"(0.876, 1.01]"
598033,2013,Mumbai,2013-04-27,League,DR Smith,Wankhede Stadium,Mumbai Indians,Royal Challengers Bangalore,Mumbai Indians,bat,Mumbai Indians,runs,58.0,195.0,20.0,N,,Asad Rauf,S Asnani,598033,195,Royal Challengers Bangalore,0,152.96,1.2748430962343096,"(1.143, 1.277]"
598034,2013,Chennai,2013-04-28,League,MEK Hussey,"MA Chidambaram Stadium, Chepauk",Chennai Super Kings,Kolkata Knight Riders,Kolkata Knight Riders,field,Chennai Super Kings,runs,14.0,201.0,20.0,N,,Aleem Dar,SJA Taufel,598034,201,Kolkata Knight Riders,0,165.92105263157896,1.2114195083267247,"(1.143, 1.277]"
598036,2013,Jaipur,2013-04-29,League,SV Samson,Sawai Mansingh Stadium,Rajasthan Royals,Royal Challengers Bangalore,Rajasthan Royals,field,Rajasthan Royals,wickets,4.0,172.0,20.0,N,,M Erasmus,K Srinath,598036,172,Rajasthan Royals,1,155.9655172413793,1.1028078708821578,"(1.01, 1.143]"
598037,2013,Mumbai,2013-04-29,League,RG Sharma,Wankhede Stadium,Mumbai Indians,Kings XI Punjab,Mumbai Indians,bat,Mumbai Indians,runs,4.0,175.0,20.0,N,,Asad Rauf,AK Chaudhary,598037,175,Kings XI Punjab,0,154.57692307692307,1.1321224185120677,"(1.01, 1.143]"
598038,2013,Pune,2013-04-30,League,MS Dhoni,Subrata Roy Sahara Stadium,Pune Warriors,Chennai Super Kings,Chennai Super Kings,bat,Chennai Super Kings,runs,37.0,165.0,20.0,N,,S Das,SJA Taufel,598038,165,Pune Warriors,0,146.8181818181818,1.1238390092879258,"(1.01, 1.143]"
598039,2013,Hyderabad,2013-05-01,League,I Sharma,"Rajiv Gandhi International Stadium, Uppal",Sunrisers Hyderabad,Mumbai Indians,Mumbai Indians,bat,Sunrisers Hyderabad,wickets,7.0,130.0,20.0,N,,Asad Rauf,S Asnani,598039,130,Sunrisers Hyderabad,1,159.9047619047619,0.8129839189994045,"(0.743, 0.876]"
598040,2013,Raipur,2013-05-01,League,DA Warner,Shaheed Veer Narayan Singh International Stadium,Delhi Daredevils,Kolkata Knight Riders,Kolkata Knight Riders,bat,Delhi Daredevils,wickets,7.0,137.0,20.0,N,,HDPK Dharmasena,CK Nandan,598040,137,Delhi Daredevils,1,165.0,0.8303030303030303,"(0.743, 0.876]"
598041,2013,Chennai,2013-05-02,League,SK Raina,"MA Chidambaram Stadium, Chepauk",Chennai Super Kings,Kings XI Punjab,Chennai Super Kings,bat,Chennai Super Kings,runs,15.0,187.0,20.0,N,,M Erasmus,VA Kulkarni,598041,187,Kings XI Punjab,0,166.82051282051282,1.1209652628343068,"(1.01, 1.143]"
598042,2013,Pune,2013-05-02,League,AB de Villiers,Subrata Roy Sahara Stadium,Pune Warriors,Royal Challengers Bangalore,Royal Challengers Bangalore,bat,Royal Challengers Bangalore,runs,17.0,188.0,20.0,N,,Aleem Dar,C Shamshuddin,598042,188,Pune Warriors,0,148.33333333333334,1.2674157303370785,"(1.143, 1.277]"
598043,2013,Kolkata,2013-05-03,League,YK Pathan,Eden Gardens,Kolkata Knight Riders,Rajasthan Royals,Rajasthan Royals,bat,Kolkata Knight Riders,wickets,8.0,133.0,20.0,N,,HDPK Dharmasena,CK Nandan,598043,133,Kolkata Knight Riders,1,147.57575757575756,0.9012320328542095,"(0.876, 1.01]"
598044,2013,Hyderabad,2013-05-04,League,DJG Sammy,"Rajiv Gandhi International Stadium, Uppal",Sunrisers Hyderabad,Delhi Daredevils,Delhi Daredevils,bat,Sunrisers Hyderabad,wickets,6.0,81.0,20.0,N,,Asad Rauf,S Asnani,598044,81,Sunrisers Hyderabad,1,158.54545454545453,0.510894495412844,"(0.476, 0.609]"
598046,2013,Mumbai,2013-05-05,League,MG Johnson,Wankhede Stadium,Mumbai Indians,Chennai Super Kings,Mumbai Indians,bat,Mumbai Indians,runs,60.0,140.0,20.0,N,,HDPK Dharmasena,CK Nandan,598046,140,Chennai Super Kings,0,155.33333333333334,0.9012875536480686,"(0.876, 1.01]"
598047,2013,Jaipur,2013-05-05,League,AM Rahane,Sawai Mansingh Stadium,Rajasthan Royals,Pune Warriors,Pune Warriors,bat,Rajasthan Royals,wickets,5.0,179.0,20.0,N,,C Shamshuddin,RJ Tucker,598047,179,Rajasthan Royals,1,156.5,1.1437699680511182,"(1.143, 1.277]"
598064,2013,Chandigarh,2013-05-06,League,DA Miller,"Punjab Cricket Association Stadium, Mohali",Kings XI Punjab,Royal Challengers Bangalore,Kings XI Punjab,field,Kings XI Punjab,wickets,6.0,191.0,20.0,N,,VA Kulkarni,NJ Llong,598064,191,Kings XI Punjab,1,169.88,1.1243230515658111,"(1.01, 1.143]"
598049,2013,Jaipur,2013-05-07,League,AM Rahane,Sawai Mansingh Stadium,Rajasthan Royals,Delhi Daredevils,Delhi Daredevils,bat,Rajasthan Royals,wickets,9.0,155.0,20.0,N,,Aleem Dar,RJ Tucker,598049,155,Rajasthan Royals,1,157.2258064516129,0.9858432498974149,"(0.876, 1.01]"
598050,2013,Mumbai,2013-05-07,League,SR Tendulkar,Wankhede Stadium,Mumbai Indians,Kolkata Knight Riders,Mumbai Indians,bat,Mumbai Indians,runs,65.0,171.0,20.0,N,,HDPK Dharmasena,S Ravi,598050,171,Kolkata Knight Riders,0,154.78571428571428,1.1047531149053993,"(1.01, 1.143]"
598051,2013,Hyderabad,2013-05-08,League,SK Raina,"Rajiv Gandhi International Stadium, Uppal",Sunrisers Hyderabad,Chennai Super Kings,Sunrisers Hyderabad,field,Chennai Super Kings,runs,77.0,224.0,20.0,N,,S Das,NJ Llong,598051,224,Sunrisers Hyderabad,0,155.17391304347825,1.4435416082936399,"(1.41, 1.544]"
598052,2013,Chandigarh,2013-05-09,League,KK Cooper,"Punjab Cricket Association Stadium, Mohali",Kings XI Punjab,Rajasthan Royals,Rajasthan Royals,field,Rajasthan Royals,wickets,8.0,146.0,20.0,N,,HDPK Dharmasena,S Ravi,598052,146,Rajasthan Royals,1,170.69230769230768,0.8553402433528617,"(0.743, 0.876]"
598053,2013,Pune,2013-05-09,League,G Gambhir,Subrata Roy Sahara Stadium,Pune Warriors,Kolkata Knight Riders,Kolkata Knight Riders,bat,Kolkata Knight Riders,runs,46.0,153.0,20.0,N,,Asad Rauf,S Asnani,598053,153,Pune Warriors,0,151.3846153846154,1.0106707317073171,"(1.01, 1.143]"
598054,2013,Delhi,2013-05-10,League,JD Unadkat,Feroz Shah Kotla,Delhi Daredevils,Royal Challengers Bangalore,Delhi Daredevils,field,Royal Challengers Bangalore,runs,4.0,184.0,20.0,N,,NJ Llong,K Srinath,598054,184,Delhi Daredevils,0,160.15151515151516,1.1489120151371808,"(1.143, 1.277]"
598055,2013,Pune,2013-05-11,League,MG Johnson,Subrata Roy Sahara Stadium,Pune Warriors,Mumbai Indians,Pune Warriors,bat,Mumbai Indians,wickets,5.0,113.0,20.0,N,,Asad Rauf,AK Chaudhary,598055,113,Mumbai Indians,1,151.5,0.7458745874587459,"(0.743, 0.876]"
598056,2013,Chandigarh,2013-05-11,League,PA Patel,"Punjab Cricket Association Stadium, Mohali",Kings XI Punjab,Sunrisers Hyderabad,Kings XI Punjab,field,Sunrisers Hyderabad,runs,30.0,151.0,20.0,N,,S Das,RJ Tucker,598056,151,Kings XI Punjab,0,169.77777777777777,0.8893979057591623,"(0.876, 1.01]"
598058,2013,Jaipur,2013-05-12,League,SR Watson,Sawai Mansingh Stadium,Rajasthan Royals,Chennai Super Kings,Rajasthan Royals,field,Rajasthan Royals,wickets,5.0,142.0,20.0,N,,HDPK Dharmasena,CK Nandan,598058,142,Rajasthan Royals,1,157.15625,0.903559355736727,"(0.876, 1.01]"
598060,2013,Mumbai,2013-05-13,League,KA Pollard,Wankhede Stadium,Mumbai Indians,Sunrisers Hyderabad,Sunrisers Hyderabad,bat,Mumbai Indians,wickets,7.0,179.0,20.0,N,,AK Chaudhary,SJA Taufel,598060,179,Mumbai Indians,1,155.3448275862069,1.1522752497225306,"(1.143, 1.277]"
598045,2013,Bangalore,2013-05-14,League,AC Gilchrist,M Chinnaswamy Stadium,Royal Challengers Bangalore,Kings XI Punjab,Kings XI Punjab,field,Kings XI Punjab,wickets,7.0,175.0,20.0,N,,HDPK Dharmasena,S Ravi,598045,175,Kings XI Punjab,1,164.05882352941177,1.0666905700968088,"(1.01, 1.143]"
598062,2013,Chennai,2013-05-14,League,MS Dhoni,"MA Chidambaram Stadium, Chepauk",Chennai Super Kings,Delhi Daredevils,Chennai Super Kings,bat,Chennai Super Kings,runs,33.0,169.0,20.0,N,,C Shamshuddin,RJ Tucker,598062,169,Delhi Daredevils,0,167.325,1.0100104586881817,"(1.01, 1.143]"
598061,2013,Ranchi,2013-05-15,League,MK Pandey,JSCA International Stadium Complex,Kolkata Knight Riders,Pune Warriors,Kolkata Knight Riders,field,Pune Warriors,runs,7.0,171.0,20.0,N,,NJ Llong,K Srinath,598061,171,Kolkata Knight Riders,0,116.0,1.4741379310344827,"(1.41, 1.544]"
598063,2013,Mumbai,2013-05-15,League,AP Tare,Wankhede Stadium,Mumbai Indians,Rajasthan Royals,Rajasthan Royals,field,Mumbai Indians,runs,14.0,167.0,20.0,N,,Asad Rauf,S Asnani,598063,167,Rajasthan Royals,0,156.13333333333333,1.069598633646456,"(1.01, 1.143]"
598028,2013,Dharamsala,2013-05-16,League,DA Miller,Himachal Pradesh Cricket Association Stadium,Kings XI Punjab,Delhi Daredevils,Delhi Daredevils,field,Kings XI Punjab,runs,7.0,172.0,20.0,N,,HDPK Dharmasena,S Ravi,598028,172,Delhi Daredevils,0,176.28571428571428,0.9756888168557537,"(0.876, 1.01]"
598065,2013,Hyderabad,2013-05-17,League,A Mishra,"Rajiv Gandhi International Stadium, Uppal",Sunrisers Hyderabad,Rajasthan Royals,Sunrisers Hyderabad,bat,Sunrisers Hyderabad,runs,23.0,137.0,20.0,N,,Asad Rauf,AK Chaudhary,598065,137,Rajasthan Royals,0,158.04166666666666,0.8668600052728711,"(0.743, 0.876]"
598066,2013,Dharamsala,2013-05-18,League,Azhar Mahmood,Himachal Pradesh Cricket Association Stadium,Kings XI Punjab,Mumbai Indians,Mumbai Indians,field,Kings XI Punjab,runs,50.0,184.0,20.0,N,,HDPK Dharmasena,CK Nandan,598066,184,Mumbai Indians,0,175.75,1.0469416785206258,"(1.01, 1.143]"
598068,2013,Bangalore,2013-05-18,League,V Kohli,M Chinnaswamy Stadium,Royal Challengers Bangalore,Chennai Super Kings,Chennai Super Kings,field,Royal Challengers Bangalore,runs,24.0,107.0,8.0,N,,C Shamshuddin,RJ Tucker,598068,107,Chennai Super Kings,0,164.37142857142857,0.6509647140622284,"(0.609, 0.743]"
598067,2013,Pune,2013-05-19,League,LJ Wright,Subrata Roy Sahara Stadium,Pune Warriors,Delhi Daredevils,Pune Warriors,bat,Pune Warriors,runs,38.0,173.0,20.0,N,,NJ Llong,SJA Taufel,598067,173,Delhi Daredevils,0,148.93333333333334,1.1615935541629363,"(1.143, 1.277]"
598069,2013,Hyderabad,2013-05-19,League,PA Patel,"Rajiv Gandhi International Stadium, Uppal",Sunrisers Hyderabad,Kolkata Knight Riders,Kolkata Knight Riders,bat,Sunrisers Hyderabad,wickets,5.0,131.0,20.0,N,,Asad Rauf,S Asnani,598069,131,Sunrisers Hyderabad,1,157.2,0.8333333333333334,"(0.743, 0.876]"
598070,2013,Delhi,2013-05-21,Qualifier 1,MEK Hussey,Feroz Shah Kotla,Chennai Super Kings,Mumbai Indians,Chennai Super Kings,bat,Chennai Super Kings,runs,48.0,193.0,20.0,N,,NJ Llong,RJ Tucker,598070,193,Mumbai Indians,0,160.85294117647058,1.1998537209727556,"(1.143, 1.277]"
598071,2013,Delhi,2013-05-22,Eliminator,BJ Hodge,Feroz Shah Kotla,Rajasthan Royals,Sunrisers Hyderabad,Sunrisers Hyderabad,bat,Rajasthan Royals,wickets,4.0,133.0,20.0,N,,S Ravi,RJ Tucker,598071,133,Rajasthan Royals,1,161.77142857142857,0.8221476510067114,"(0.743, 0.876]"
598072,2013,Kolkata,2013-05-24,Qualifier 2,Harbhajan Singh,Eden Gardens,Mumbai Indians,Rajasthan Royals,Rajasthan Royals,bat,Mumbai Indians,wickets,4.0,166.0,20.0,N,,C Shamshuddin,SJA Taufel,598072,166,Mumbai Indians,1,147.14705882352942,1.1281231261243254,"(1.01, 1.143]"
598073,2013,Kolkata,2013-05-26,Final,KA Pollard,Eden Gardens,Chennai Super Kings,Mumbai Indians,Mumbai Indians,bat,Mumbai Indians,runs,23.0,149.0,20.0,N,,HDPK Dharmasena,SJA Taufel,598073,149,Chennai Super Kings,0,147.68571428571428,1.008899206809828,"(0.876, 1.01]"
729283,2014,Abu Dhabi,2014-04-18,League,GJ Maxwell,Sheikh Zayed Stadium,Chennai Super Kings,Kings XI Punjab,Chennai Super Kings,bat,Kings XI Punjab,wickets,6.0,206.0,20.0,N,,RK Illingworth,C Shamshuddin,729283,206,Kings XI Punjab,1,164.0,1.2560975609756098,"(1.143, 1.277]"
729285,2014,Abu Dhabi,2014-04-18,League,AM Rahane,Sheikh Zayed Stadium,Sunrisers Hyderabad,Rajasthan Royals,Rajasthan Royals,field,Rajasthan Royals,wickets,4.0,134.0,20.0,N,,BF Bowden,RK Illingworth,729285,134,Rajasthan Royals,1,185.0,0.7243243243243244,"(0.609, 0.743]"
729289,2014,,2014-04-19,League,JP Duminy,Dubai International Cricket Stadium,Kolkata Knight Riders,Delhi Daredevils,Kolkata Knight Riders,bat,Delhi Daredevils,wickets,4.0,167.0,20.0,N,,Aleem Dar,VA Kulkarni,729289,167,Delhi Daredevils,1,116.0,1.4396551724137931,"(1.41, 1.544]"
729291,2014,,2014-04-20,League,GJ Maxwell,Sharjah Cricket Stadium,Rajasthan Royals,Kings XI Punjab,Kings XI Punjab,field,Kings XI Punjab,wickets,7.0,192.0,20.0,N,,BF Bowden,M Erasmus,729291,192,Kings XI Punjab,1,146.0,1.3150684931506849,"(1.277, 1.41]"
729293,2014,Abu Dhabi,2014-04-21,League,SK Raina,Sheikh Zayed Stadium,Chennai Super Kings,Delhi Daredevils,Chennai Super Kings,bat,Chennai Super Kings,runs,93.0,178.0,20.0,N,,RK Illingworth,C Shamshuddin,729293,178,Delhi Daredevils,0,168.0,1.0595238095238095,"(1.01, 1.143]"
729295,2014,,2014-04-22,League,GJ Maxwell,Sharjah Cricket Stadium,Kings XI Punjab,Sunrisers Hyderabad,Sunrisers Hyderabad,field,Kings XI Punjab,runs,72.0,194.0,20.0,N,,M Erasmus,S Ravi,729295,194,Sunrisers Hyderabad,0,169.0,1.1479289940828403,"(1.143, 1.277]"
729297,2014,,2014-04-23,League,RA Jadeja,Dubai International Cricket Stadium,Rajasthan Royals,Chennai Super Kings,Rajasthan Royals,field,Chennai Super Kings,runs,7.0,141.0,20.0,N,,HDPK Dharmasena,RK Illingworth,729297,141,Rajasthan Royals,0,141.5,0.9964664310954063,"(0.876, 1.01]"
729299,2014,,2014-04-24,League,CA Lynn,Sharjah Cricket Stadium,Royal Challengers Bangalore,Kolkata Knight Riders,Royal Challengers Bangalore,field,Kolkata Knight Riders,runs,2.0,151.0,20.0,N,,Aleem Dar,VA Kulkarni,729299,151,Royal Challengers Bangalore,0,177.33333333333334,0.8515037593984962,"(0.743, 0.876]"
729301,2014,,2014-04-25,League,AJ Finch,Dubai International Cricket Stadium,Sunrisers Hyderabad,Delhi Daredevils,Sunrisers Hyderabad,bat,Sunrisers Hyderabad,runs,4.0,185.0,20.0,N,,M Erasmus,S Ravi,729301,185,Delhi Daredevils,0,141.33333333333334,1.3089622641509433,"(1.277, 1.41]"
729303,2014,,2014-04-25,League,MM Sharma,Dubai International Cricket Stadium,Chennai Super Kings,Mumbai Indians,Mumbai Indians,bat,Chennai Super Kings,wickets,7.0,142.0,20.0,N,,BF Bowden,M Erasmus,729303,142,Chennai Super Kings,1,152.25,0.9326765188834154,"(0.876, 1.01]"
729305,2014,Abu Dhabi,2014-04-26,League,PV Tambe,Sheikh Zayed Stadium,Rajasthan Royals,Royal Challengers Bangalore,Rajasthan Royals,field,Rajasthan Royals,wickets,6.0,71.0,20.0,N,,HDPK Dharmasena,C Shamshuddin,729305,71,Rajasthan Royals,1,170.5,0.41642228739002934,"(0.341, 0.476]"
729307,2014,Abu Dhabi,2014-04-26,League,Sandeep Sharma,Sheikh Zayed Stadium,Kolkata Knight Riders,Kings XI Punjab,Kolkata Knight Riders,field,Kings XI Punjab,runs,23.0,133.0,20.0,N,,HDPK Dharmasena,RK Illingworth,729307,133,Kolkata Knight Riders,0,150.6,0.8831341301460823,"(0.876, 1.01]"
729309,2014,,2014-04-27,League,M Vijay,Sharjah Cricket Stadium,Delhi Daredevils,Mumbai Indians,Mumbai Indians,bat,Delhi Daredevils,wickets,6.0,126.0,20.0,N,,Aleem Dar,VA Kulkarni,729309,126,Delhi Daredevils,1,170.75,0.7379209370424598,"(0.609, 0.743]"
729311,2014,,2014-04-27,League,DR Smith,Sharjah Cricket Stadium,Sunrisers Hyderabad,Chennai Super Kings,Sunrisers Hyderabad,bat,Chennai Super Kings,wickets,5.0,146.0,20.0,N,,AK Chaudhary,VA Kulkarni,729311,146,Chennai Super Kings,1,161.8,0.9023485784919654,"(0.876, 1.01]"
729313,2014,,2014-04-28,League,Sandeep Sharma,Dubai International Cricket Stadium,Kings XI Punjab,Royal Challengers Bangalore,Kings XI Punjab,field,Kings XI Punjab,wickets,5.0,125.0,20.0,N,,BF Bowden,S Ravi,729313,125,Kings XI Punjab,1,150.2,0.8322237017310253,"(0.743, 0.876]"
729315,2014,Abu Dhabi,2014-04-29,League,JP Faulkner,Sheikh Zayed Stadium,Kolkata Knight Riders,Rajasthan Royals,Rajasthan Royals,bat,Rajasthan Royals,tie,,153.0,20.0,Y,,Aleem Dar,AK Chaudhary,729315,153,Kolkata Knight Riders,0,147.66666666666666,1.0361173814898421,"(1.01, 1.143]"
729317,2014,,2014-04-30,League,B Kumar,Dubai International Cricket Stadium,Mumbai Indians,Sunrisers Hyderabad,Mumbai Indians,field,Sunrisers Hyderabad,runs,15.0,173.0,20.0,N,,HDPK Dharmasena,M Erasmus,729317,173,Mumbai Indians,0,146.0,1.1849315068493151,"(1.143, 1.277]"
733971,2014,Ranchi,2014-05-02,League,RA Jadeja,JSCA International Stadium Complex,Chennai Super Kings,Kolkata Knight Riders,Chennai Super Kings,bat,Chennai Super Kings,runs,34.0,149.0,17.0,N,,AK Chaudhary,NJ Llong,733971,149,Kolkata Knight Riders,0,143.5,1.038327526132404,"(1.01, 1.143]"
733973,2014,Mumbai,2014-05-03,League,CJ Anderson,Wankhede Stadium,Mumbai Indians,Kings XI Punjab,Kings XI Punjab,bat,Mumbai Indians,wickets,5.0,169.0,20.0,N,,BNJ Oxenford,C Shamshuddin,733973,169,Mumbai Indians,1,156.48387096774192,1.0799835085549372,"(1.01, 1.143]"
733975,2014,Delhi,2014-05-03,League,KK Nair,Feroz Shah Kotla,Delhi Daredevils,Rajasthan Royals,Rajasthan Royals,field,Rajasthan Royals,wickets,7.0,153.0,20.0,N,,SS Hazare,S Ravi,733975,153,Rajasthan Royals,1,160.97222222222223,0.9504745470232959,"(0.876, 1.01]"
733977,2014,Bangalore,2014-05-04,League,AB de Villiers,M Chinnaswamy Stadium,Royal Challengers Bangalore,Sunrisers Hyderabad,Royal Challengers Bangalore,field,Royal Challengers Bangalore,wickets,4.0,156.0,20.0,N,,HDPK Dharmasena,VA Kulkarni,733977,156,Royal Challengers Bangalore,1,162.77777777777777,0.9583617747440274,"(0.876, 1.01]"
733979,2014,Ahmedabad,2014-05-05,League,PV Tambe,"Sardar Patel Stadium, Motera",Rajasthan Royals,Kolkata Knight Riders,Kolkata Knight Riders,field,Rajasthan Royals,runs,10.0,171.0,20.0,N,,NJ Llong,CK Nandan,733979,171,Kolkata Knight Riders,0,159.5,1.0721003134796239,"(1.01, 1.143]"
733981,2014,Delhi,2014-05-05,League,DR Smith,Feroz Shah Kotla,Delhi Daredevils,Chennai Super Kings,Chennai Super Kings,field,Chennai Super Kings,wickets,8.0,179.0,20.0,N,,RM Deshpande,BNJ Oxenford,733981,179,Chennai Super Kings,1,160.75675675675674,1.113483523873571,"(1.01, 1.143]"
733983,2014,Mumbai,2014-05-06,League,RG Sharma,Wankhede Stadium,Mumbai Indians,Royal Challengers Bangalore,Royal Challengers Bangalore,field,Mumbai Indians,runs,19.0,188.0,20.0,N,,S Ravi,K Srinath,733983,188,Royal Challengers Bangalore,0,156.875,1.198406374501992,"(1.143, 1.277]"
733985,2014,Delhi,2014-05-07,League,G Gambhir,Feroz Shah Kotla,Delhi Daredevils,Kolkata Knight Riders,Delhi Daredevils,bat,Kolkata Knight Riders,wickets,8.0,161.0,20.0,N,,BNJ Oxenford,C Shamshuddin,733985,161,Kolkata Knight Riders,1,161.23684210526315,0.998531091888363,"(0.876, 1.01]"
733987,2014,Cuttack,2014-05-07,League,GJ Maxwell,Barabati Stadium,Kings XI Punjab,Chennai Super Kings,Chennai Super Kings,field,Kings XI Punjab,runs,44.0,232.0,20.0,N,,HDPK Dharmasena,PG Pathak,733987,232,Chennai Super Kings,0,164.25,1.4124809741248097,"(1.41, 1.544]"
733989,2014,Ahmedabad,2014-05-08,League,B Kumar,"Sardar Patel Stadium, Motera",Rajasthan Royals,Sunrisers Hyderabad,Rajasthan Royals,field,Sunrisers Hyderabad,runs,32.0,135.0,20.0,N,,AK Chaudhary,NJ Llong,733989,135,Rajasthan Royals,0,161.8,0.834363411619283,"(0.743, 0.876]"
733991,2014,Bangalore,2014-05-09,League,Sandeep Sharma,M Chinnaswamy Stadium,Royal Challengers Bangalore,Kings XI Punjab,Royal Challengers Bangalore,field,Kings XI Punjab,runs,32.0,199.0,20.0,N,,S Ravi,K Srinath,733991,199,Royal Challengers Bangalore,0,162.59459459459458,1.223902925531915,"(1.143, 1.277]"
733993,2014,Delhi,2014-05-10,League,DW Steyn,Feroz Shah Kotla,Delhi Daredevils,Sunrisers Hyderabad,Sunrisers Hyderabad,field,Sunrisers Hyderabad,wickets,8.0,43.0,5.0,N,D/L,RM Deshpande,BNJ Oxenford,733993,144,Sunrisers Hyderabad,1,161.23076923076923,0.8931297709923665,"(0.876, 1.01]"
733995,2014,Mumbai,2014-05-10,League,DR Smith,Wankhede Stadium,Mumbai Indians,Chennai Super Kings,Chennai Super Kings,field,Chennai Super Kings,wickets,4.0,158.0,20.0,N,,HDPK Dharmasena,VA Kulkarni,733995,158,Chennai Super Kings,1,157.8181818181818,1.0011520737327189,"(0.876, 1.01]"
733997,2014,Cuttack,2014-05-11,League,G Gambhir,Barabati Stadium,Kings XI Punjab,Kolkata Knight Riders,Kolkata Knight Riders,field,Kolkata Knight Riders,wickets,9.0,150.0,20.0,N,,NJ Llong,CK Nandan,733997,150,Kolkata Knight Riders,1,177.8,0.8436445444319459,"(0.743, 0.876]"
733999,2014,Bangalore,2014-05-11,League,JP Faulkner,M Chinnaswamy Stadium,Royal Challengers Bangalore,Rajasthan Royals,Royal Challengers Bangalore,bat,Rajasthan Royals,wickets,5.0,191.0,20.0,N,,S Ravi,RJ Tucker,733999,191,Rajasthan Royals,1,163.55263157894737,1.1678197908286403,"(1.143, 1.277]"
734001,2014,Hyderabad,2014-05-12,League,AT Rayudu,"Rajiv Gandhi International Stadium, Uppal",Sunrisers Hyderabad,Mumbai Indians,Sunrisers Hyderabad,bat,Mumbai Indians,wickets,7.0,158.0,20.0,N,,HDPK Dharmasena,VA Kulkarni,734001,158,Mumbai Indians,1,156.19230769230768,1.0115735040630387,"(1.01, 1.143]"
734003,2014,Ranchi,2014-05-13,League,RA Jadeja,JSCA International Stadium Complex,Chennai Super Kings,Rajasthan Royals,Rajasthan Royals,bat,Chennai Super Kings,wickets,5.0,149.0,20.0,N,,BNJ Oxenford,C Shamshuddin,734003,149,Chennai Super Kings,1,145.33333333333334,1.025229357798165,"(1.01, 1.143]"
734005,2014,Bangalore,2014-05-13,League,Yuvraj Singh,M Chinnaswamy Stadium,Royal Challengers Bangalore,Delhi Daredevils,Delhi Daredevils,field,Royal Challengers Bangalore,runs,16.0,187.0,20.0,N,,K Srinath,RJ Tucker,734005,187,Delhi Daredevils,0,164.25641025641025,1.1384639400561973,"(1.01, 1.143]"
734007,2014,Hyderabad,2014-05-14,League,WP Saha,"Rajiv Gandhi International Stadium, Uppal",Sunrisers Hyderabad,Kings XI Punjab,Kings XI Punjab,field,Kings XI Punjab,wickets,6.0,206.0,20.0,N,,VA Kulkarni,PG Pathak,734007,206,Kings XI Punjab,1,156.25925925925927,1.3183218772220904,"(1.277, 1.41]"
734009,2014,Cuttack,2014-05-14,League,RV Uthappa,Barabati Stadium,Kolkata Knight Riders,Mumbai Indians,Kolkata Knight Riders,field,Kolkata Knight Riders,wickets,6.0,142.0,20.0,N,,AK Chaudhary,NJ Llong,734009,142,Kolkata Knight Riders,1,173.16666666666666,0.8200192492781521,"(0.743, 0.876]"
734011,2014,Ahmedabad,2014-05-15,League,AM Rahane,"Sardar Patel Stadium, Motera",Rajasthan Royals,Delhi Daredevils,Delhi Daredevils,field,Rajasthan Royals,runs,62.0,202.0,20.0,N,,S Ravi,RJ Tucker,734011,202,Delhi Daredevils,0,157.33333333333334,1.2838983050847457,"(1.277, 1.41]"
734013,2014,Ranchi,2014-05-18,League,AB de Villiers,JSCA International Stadium Complex,Chennai Super Kings,Royal Challengers Bangalore,Chennai Super Kings,bat,Royal Challengers Bangalore,wickets,5.0,139.0,20.0,N,,BNJ Oxenford,C Shamshuddin,734013,139,Royal Challengers Bangalore,1,146.25,0.9504273504273504,"(0.876, 1.01]"
734015,2014,Hyderabad,2014-05-18,League,UT Yadav,"Rajiv Gandhi International Stadium, Uppal",Sunrisers Hyderabad,Kolkata Knight Riders,Sunrisers Hyderabad,bat,Kolkata Knight Riders,wickets,7.0,143.0,20.0,N,,NJ Llong,CK Nandan,734015,143,Kolkata Knight Riders,1,158.03571428571428,0.9048587570621469,"(0.876, 1.01]"
734017,2014,Ahmedabad,2014-05-19,League,MEK Hussey,"Sardar Patel Stadium, Motera",Rajasthan Royals,Mumbai Indians,Mumbai Indians,bat,Mumbai Indians,runs,25.0,179.0,20.0,N,,S Ravi,RJ Tucker,734017,179,Rajasthan Royals,0,163.71428571428572,1.0933682373472948,"(1.01, 1.143]"
734019,2014,Delhi,2014-05-19,League,AR Patel,Feroz Shah Kotla,Delhi Daredevils,Kings XI Punjab,Kings XI Punjab,field,Kings XI Punjab,wickets,4.0,165.0,20.0,N,,HDPK Dharmasena,PG Pathak,734019,165,Kings XI Punjab,1,160.8,1.0261194029850746,"(1.01, 1.143]"
734021,2014,Hyderabad,2014-05-20,League,DA Warner,"Rajiv Gandhi International Stadium, Uppal",Sunrisers Hyderabad,Royal Challengers Bangalore,Royal Challengers Bangalore,bat,Sunrisers Hyderabad,wickets,7.0,161.0,20.0,N,,AK Chaudhary,NJ Llong,734021,161,Sunrisers Hyderabad,1,157.51724137931035,1.0221103327495622,"(1.01, 1.143]"
734023,2014,Kolkata,2014-05-20,League,RV Uthappa,Eden Gardens,Kolkata Knight Riders,Chennai Super Kings,Kolkata Knight Riders,field,Kolkata Knight Riders,wickets,8.0,155.0,20.0,N,,RM Deshpande,C Shamshuddin,734023,155,Kolkata Knight Riders,1,147.72222222222223,1.0492666415945844,"(1.01, 1.143]"
734025,2014,Chandigarh,2014-05-21,League,LMP Simmons,"Punjab Cricket Association Stadium, Mohali",Kings XI Punjab,Mumbai Indians,Mumbai Indians,field,Mumbai Indians,wickets,7.0,157.0,20.0,N,,HDPK Dharmasena,VA Kulkarni,734025,157,Mumbai Indians,1,169.10714285714286,0.9284054910242872,"(0.876, 1.01]"
734027,2014,Kolkata,2014-05-22,League,RV Uthappa,Eden Gardens,Kolkata Knight Riders,Royal Challengers Bangalore,Royal Challengers Bangalore,field,Kolkata Knight Riders,runs,30.0,196.0,20.0,N,,AK Chaudhary,CK Nandan,734027,196,Royal Challengers Bangalore,0,147.9189189189189,1.3250502466654488,"(1.277, 1.41]"
734029,2014,Ranchi,2014-05-22,League,DA Warner,JSCA International Stadium Complex,Chennai Super Kings,Sunrisers Hyderabad,Sunrisers Hyderabad,field,Sunrisers Hyderabad,wickets,6.0,186.0,20.0,N,,BNJ Oxenford,C Shamshuddin,734029,186,Sunrisers Hyderabad,1,144.8,1.2845303867403315,"(1.277, 1.41]"
734031,2014,Mumbai,2014-05-23,League,MEK Hussey,Wankhede Stadium,Mumbai Indians,Delhi Daredevils,Delhi Daredevils,field,Mumbai Indians,runs,15.0,174.0,20.0,N,,S Ravi,RJ Tucker,734031,174,Delhi Daredevils,0,157.8235294117647,1.102497204621692,"(1.01, 1.143]"
734033,2014,Chandigarh,2014-05-23,League,SE Marsh,"Punjab Cricket Association Stadium, Mohali",Kings XI Punjab,Rajasthan Royals,Rajasthan Royals,field,Kings XI Punjab,runs,16.0,180.0,20.0,N,,HDPK Dharmasena,PG Pathak,734033,180,Rajasthan Royals,0,168.68965517241378,1.0670482420278007,"(1.01, 1.143]"
734035,2014,Bangalore,2014-05-24,League,MS Dhoni,M Chinnaswamy Stadium,Royal Challengers Bangalore,Chennai Super Kings,Chennai Super Kings,field,Chennai Super Kings,wickets,8.0,155.0,20.0,N,,AK Chaudhary,NJ Llong,734035,155,Chennai Super Kings,1,164.825,0.9403913241316548,"(0.876, 1.01]"
734037,2014,Kolkata,2014-05-24,League,YK Pathan,Eden Gardens,Kolkata Knight Riders,Sunrisers Hyderabad,Kolkata Knight Riders,field,Kolkata Knight Riders,wickets,4.0,161.0,20.0,N,,RM Deshpande,BNJ Oxenford,734037,161,Kolkata Knight Riders,1,149.18421052631578,1.0792026812488975,"(1.01, 1.143]"
734039,2014,Chandigarh,2014-05-25,League,M Vohra,"Punjab Cricket Association Stadium, Mohali",Kings XI Punjab,Delhi Daredevils,Kings XI Punjab,field,Kings XI Punjab,wickets,7.0,116.0,20.0,N,,HDPK Dharmasena,VA Kulkarni,734039,116,Kings XI Punjab,1,169.06666666666666,0.6861198738170348,"(0.609, 0.743]"
734041,2014,Mumbai,2014-05-25,League,CJ Anderson,Wankhede Stadium,Mumbai Indians,Rajasthan Royals,Mumbai Indians,field,Mumbai Indians,wickets,5.0,190.0,20.0,N,,K Srinath,RJ Tucker,734041,190,Mumbai Indians,1,158.28571428571428,1.2003610108303249,"(1.143, 1.277]"
734043,2014,Kolkata,2014-05-27,Qualifier 1,UT Yadav,Eden Gardens,Kings XI Punjab,Kolkata Knight Riders,Kings XI Punjab,field,Kolkata Knight Riders,runs,28.0,164.0,20.0,N,,NJ Llong,S Ravi,734043,164,Kings XI Punjab,0,149.48717948717947,1.0970840480274444,"(1.01, 1.143]"
734045,2014,Mumbai,2014-05-28,Eliminator,SK Raina,Brabourne Stadium,Chennai Super Kings,Mumbai Indians,Chennai Super Kings,field,Chennai Super Kings,wickets,7.0,174.0,20.0,N,,VA Kulkarni,BNJ Oxenford,734045,174,Chennai Super Kings,1,174.66666666666666,0.9961832061068703,"(0.876, 1.01]"
734047,2014,Mumbai,2014-05-30,Qualifier 2,V Sehwag,Wankhede Stadium,Chennai Super Kings,Kings XI Punjab,Chennai Super Kings,field,Kings XI Punjab,runs,24.0,227.0,20.0,N,,HDPK Dharmasena,RJ Tucker,734047,227,Chennai Super Kings,0,159.16666666666666,1.4261780104712043,"(1.41, 1.544]"
734049,2014,Bangalore,2014-06-01,Final,MK Pandey,M Chinnaswamy Stadium,Kolkata Knight Riders,Kings XI Punjab,Kolkata Knight Riders,field,Kolkata Knight Riders,wickets,3.0,200.0,20.0,N,,HDPK Dharmasena,BNJ Oxenford,734049,200,Kolkata Knight Riders,1,164.58536585365854,1.2151748666271487,"(1.143, 1.277]"
829705,2015,Kolkata,2015-04-08,League,M Morkel,Eden Gardens,Kolkata Knight Riders,Mumbai Indians,Kolkata Knight Riders,field,Kolkata Knight Riders,wickets,7.0,169.0,20.0,N,,S Ravi,C Shamshuddin,829705,169,Kolkata Knight Riders,1,149.85,1.1277944611277946,"(1.01, 1.143]"
829707,2015,Chennai,2015-04-09,League,A Nehra,"MA Chidambaram Stadium, Chepauk",Chennai Super Kings,Delhi Daredevils,Delhi Daredevils,field,Chennai Super Kings,runs,1.0,151.0,20.0,N,,RK Illingworth,VA Kulkarni,829707,151,Delhi Daredevils,0,167.3658536585366,0.9022150976391722,"(0.876, 1.01]"
829709,2015,Pune,2015-04-10,League,JP Faulkner,Maharashtra Cricket Association Stadium,Kings XI Punjab,Rajasthan Royals,Kings XI Punjab,field,Rajasthan Royals,runs,26.0,163.0,20.0,N,,SD Fry,CB Gaffaney,829709,163,Kings XI Punjab,0,120.0,1.3583333333333334,"(1.277, 1.41]"
829711,2015,Chennai,2015-04-11,League,BB McCullum,"MA Chidambaram Stadium, Chepauk",Chennai Super Kings,Sunrisers Hyderabad,Chennai Super Kings,bat,Chennai Super Kings,runs,45.0,210.0,20.0,N,,RK Illingworth,VA Kulkarni,829711,210,Sunrisers Hyderabad,0,166.97619047619048,1.2576643376586338,"(1.143, 1.277]"
829713,2015,Kolkata,2015-04-11,League,CH Gayle,Eden Gardens,Kolkata Knight Riders,Royal Challengers Bangalore,Royal Challengers Bangalore,field,Royal Challengers Bangalore,wickets,3.0,178.0,20.0,N,,S Ravi,C Shamshuddin,829713,178,Royal Challengers Bangalore,1,150.3170731707317,1.1841635567093949,"(1.143, 1.277]"
829715,2015,Delhi,2015-04-12,League,DJ Hooda,Feroz Shah Kotla,Delhi Daredevils,Rajasthan Royals,Rajasthan Royals,field,Rajasthan Royals,wickets,3.0,185.0,20.0,N,,SD Fry,CB Gaffaney,829715,185,Rajasthan Royals,1,160.90243902439025,1.1497650447172958,"(1.143, 1.277]"
829717,2015,Mumbai,2015-04-12,League,GJ Bailey,Wankhede Stadium,Mumbai Indians,Kings XI Punjab,Mumbai Indians,field,Kings XI Punjab,runs,18.0,178.0,20.0,N,,AK Chaudhary,K Srinivasan,829717,178,Mumbai Indians,0,161.0,1.1055900621118013,"(1.01, 1.143]"
829719,2015,Bangalore,2015-04-13,League,DA Warner,M Chinnaswamy Stadium,Royal Challengers Bangalore,Sunrisers Hyderabad,Sunrisers Hyderabad,field,Sunrisers Hyderabad,wickets,8.0,167.0,20.0,N,,RM Deshpande,RK Illingworth,829719,167,Sunrisers Hyderabad,1,165.42857142857142,1.0094991364421417,"(0.876, 1.01]"
829721,2015,Ahmedabad,2015-04-14,League,SPD Smith,"Sardar Patel Stadium, Motera",Rajasthan Royals,Mumbai Indians,Mumbai Indians,bat,Rajasthan Royals,wickets,7.0,165.0,20.0,N,,AK Chaudhary,SD Fry,829721,165,Rajasthan Royals,1,165.625,0.9962264150943396,"(0.876, 1.01]"
829725,2015,Pune,2015-04-15,League,MA Agarwal,Maharashtra Cricket Association Stadium,Kings XI Punjab,Delhi Daredevils,Kings XI Punjab,bat,Delhi Daredevils,wickets,5.0,166.0,20.0,N,,CB Gaffaney,K Srinath,829725,166,Delhi Daredevils,1,141.5,1.1731448763250882,"(1.143, 1.277]"
829727,2015,Visakhapatnam,2015-04-16,League,AM Rahane,Dr. Y.S. Rajasekhara Reddy ACA-VDCA Cricket Stadium,Sunrisers Hyderabad,Rajasthan Royals,Rajasthan Royals,field,Rajasthan Royals,wickets,6.0,128.0,20.0,N,,PG Pathak,S Ravi,829727,128,Rajasthan Royals,1,166.5,0.7687687687687688,"(0.743, 0.876]"
829729,2015,Mumbai,2015-04-17,League,A Nehra,Wankhede Stadium,Mumbai Indians,Chennai Super Kings,Mumbai Indians,bat,Chennai Super Kings,wickets,6.0,184.0,20.0,N,,AK Chaudhary,M Erasmus,829729,184,Chennai Super Kings,1,161.44736842105263,1.1396903015484923,"(1.01, 1.143]"
829731,2015,Visakhapatnam,2015-04-18,League,JP Duminy,Dr. Y.S. Rajasekhara Reddy ACA-VDCA Cricket Stadium,Sunrisers Hyderabad,Delhi Daredevils,Delhi Daredevils,bat,Delhi Daredevils,runs,4.0,168.0,20.0,N,,PG Pathak,S Ravi,829731,168,Sunrisers Hyderabad,0,153.66666666666666,1.0932754880694144,"(1.01, 1.143]"
829733,2015,Pune,2015-04-18,League,AD Russell,Maharashtra Cricket Association Stadium,Kings XI Punjab,Kolkata Knight Riders,Kolkata Knight Riders,field,Kolkata Knight Riders,wickets,4.0,156.0,20.0,N,,SD Fry,CK Nandan,829733,156,Kolkata Knight Riders,1,149.66666666666666,1.0423162583518932,"(1.01, 1.143]"
829735,2015,Ahmedabad,2015-04-19,League,AM Rahane,"Sardar Patel Stadium, Motera",Rajasthan Royals,Chennai Super Kings,Chennai Super Kings,bat,Rajasthan Royals,wickets,8.0,157.0,20.0,N,,AK Chaudhary,M Erasmus,829735,157,Rajasthan Royals,1,165.55555555555554,0.9483221476510068,"(0.876, 1.01]"
829737,2015,Bangalore,2015-04-19,League,Harbhajan Singh,M Chinnaswamy Stadium,Royal Challengers Bangalore,Mumbai Indians,Royal Challengers Bangalore,field,Mumbai Indians,runs,18.0,210.0,20.0,N,,RK Illingworth,VA Kulkarni,829737,210,Royal Challengers Bangalore,0,165.46511627906978,1.26914968376669,"(1.143, 1.277]"
829739,2015,Delhi,2015-04-20,League,UT Yadav,Feroz Shah Kotla,Delhi Daredevils,Kolkata Knight Riders,Kolkata Knight Riders,field,Kolkata Knight Riders,wickets,6.0,147.0,20.0,N,,SD Fry,CB Gaffaney,829739,147,Kolkata Knight Riders,1,161.47619047619048,0.9103509289295193,"(0.876, 1.01]"
829741,2015,Ahmedabad,2015-04-21,League,SE Marsh,"Sardar Patel Stadium, Motera",Rajasthan Royals,Kings XI Punjab,Kings XI Punjab,field,Kings XI Punjab,tie,,192.0,20.0,Y,,M Erasmus,S Ravi,829741,192,Kings XI Punjab,1,164.7,1.1657559198542806,"(1.143, 1.277]"
829743,2015,Visakhapatnam,2015-04-22,League,DA Warner,Dr. Y.S. Rajasekhara Reddy ACA-VDCA Cricket Stadium,Sunrisers Hyderabad,Kolkata Knight Riders,Kolkata Knight Riders,field,Sunrisers Hyderabad,runs,16.0,118.0,12.0,N,D/L,RK Illingworth,VA Kulkarni,829743,177,Kolkata Knight Riders,0,157.25,1.1255961844197138,"(1.01, 1.143]"
829745,2015,Bangalore,2015-04-22,League,SK Raina,M Chinnaswamy Stadium,Royal Challengers Bangalore,Chennai Super Kings,Royal Challengers Bangalore,field,Chennai Super Kings,runs,27.0,182.0,20.0,N,,JD Cloete,C Shamshuddin,829745,182,Royal Challengers Bangalore,0,166.47727272727272,1.0932423208191127,"(1.01, 1.143]"
829747,2015,Delhi,2015-04-23,League,SS Iyer,Feroz Shah Kotla,Delhi Daredevils,Mumbai Indians,Mumbai Indians,field,Delhi Daredevils,runs,37.0,191.0,20.0,N,,SD Fry,CK Nandan,829747,191,Mumbai Indians,0,161.13953488372093,1.185308125270602,"(1.143, 1.277]"
829749,2015,Ahmedabad,2015-04-24,League,MA Starc,"Sardar Patel Stadium, Motera",Rajasthan Royals,Royal Challengers Bangalore,Royal Challengers Bangalore,field,Royal Challengers Bangalore,wickets,9.0,131.0,20.0,N,,M Erasmus,S Ravi,829749,131,Royal Challengers Bangalore,1,167.1818181818182,0.7835780315388798,"(0.743, 0.876]"
829751,2015,Mumbai,2015-04-25,League,SL Malinga,Wankhede Stadium,Mumbai Indians,Sunrisers Hyderabad,Mumbai Indians,bat,Mumbai Indians,runs,20.0,158.0,20.0,N,,HDPK Dharmasena,CB Gaffaney,829751,158,Sunrisers Hyderabad,0,162.02564102564102,0.9751542965659123,"(0.876, 1.01]"
829753,2015,Chennai,2015-04-25,League,BB McCullum,"MA Chidambaram Stadium, Chepauk",Chennai Super Kings,Kings XI Punjab,Chennai Super Kings,bat,Chennai Super Kings,runs,97.0,193.0,20.0,N,,JD Cloete,C Shamshuddin,829753,193,Kings XI Punjab,0,167.97674418604652,1.1489685726152568,"(1.143, 1.277]"
829757,2015,Delhi,2015-04-26,League,VR Aaron,Feroz Shah Kotla,Delhi Daredevils,Royal Challengers Bangalore,Royal Challengers Bangalore,field,Royal Challengers Bangalore,wickets,10.0,96.0,20.0,N,,M Erasmus,S Ravi,829757,96,Royal Challengers Bangalore,1,161.8181818181818,0.5932584269662922,"(0.476, 0.609]"
829759,2015,Chandigarh,2015-04-27,League,TA Boult,"Punjab Cricket Association Stadium, Mohali",Kings XI Punjab,Sunrisers Hyderabad,Kings XI Punjab,field,Sunrisers Hyderabad,runs,20.0,151.0,20.0,N,,HDPK Dharmasena,CB Gaffaney,829759,151,Kings XI Punjab,0,167.3548387096774,0.9022744795682345,"(0.876, 1.01]"
829765,2015,Chennai,2015-04-28,League,DJ Bravo,"MA Chidambaram Stadium, Chepauk",Chennai Super Kings,Kolkata Knight Riders,Kolkata Knight Riders,field,Chennai Super Kings,runs,2.0,135.0,20.0,N,,RM Deshpande,VA Kulkarni,829765,135,Kolkata Knight Riders,0,168.54545454545453,0.8009708737864079,"(0.743, 0.876]"
829763,2015,Bangalore,2015-04-29,League,,M Chinnaswamy Stadium,Royal Challengers Bangalore,Rajasthan Royals,Rajasthan Royals,field,,no result,,,,N,,JD Cloete,PG Pathak,829763,201,Rajasthan Royals,0,166.82222222222222,1.2048754495803917,"(1.143, 1.277]"
829723,2015,Kolkata,2015-04-30,League,AD Russell,Eden Gardens,Kolkata Knight Riders,Chennai Super Kings,Kolkata Knight Riders,field,Kolkata Knight Riders,wickets,7.0,166.0,20.0,N,,AK Chaudhary,M Erasmus,829723,166,Kolkata Knight Riders,1,150.97619047619048,1.0995111181201702,"(1.01, 1.143]"
829767,2015,Delhi,2015-05-01,League,NM Coulter-Nile,Feroz Shah Kotla,Delhi Daredevils,Kings XI Punjab,Delhi Daredevils,field,Delhi Daredevils,wickets,9.0,119.0,20.0,N,,RK Illingworth,S Ravi,829767,119,Delhi Daredevils,1,160.35555555555555,0.7421008869179601,"(0.609, 0.743]"
829769,2015,Mumbai,2015-05-01,League,AT Rayudu,Wankhede Stadium,Mumbai Indians,Rajasthan Royals,Rajasthan Royals,field,Mumbai Indians,runs,8.0,188.0,20.0,N,,HDPK Dharmasena,CK Nandan,829769,188,Rajasthan Royals,0,161.925,1.1610313416705265,"(1.143, 1.277]"
829771,2015,Bangalore,2015-05-02,League,Mandeep Singh,M Chinnaswamy Stadium,Royal Challengers Bangalore,Kolkata Knight Riders,Royal Challengers Bangalore,field,Royal Challengers Bangalore,wickets,7.0,112.0,10.0,N,,JD Cloete,PG Pathak,829771,112,Royal Challengers Bangalore,1,167.56521739130434,0.6683964711987546,"(0.609, 0.743]"
829773,2015,Hyderabad,2015-05-02,League,DA Warner,"Rajiv Gandhi International Stadium, Uppal",Sunrisers Hyderabad,Chennai Super Kings,Chennai Super Kings,field,Sunrisers Hyderabad,runs,22.0,193.0,20.0,N,,AK Chaudhary,K Srinivasan,829773,193,Chennai Super Kings,0,157.63333333333333,1.2243603298794672,"(1.143, 1.277]"
829775,2015,Chandigarh,2015-05-03,League,LMP Simmons,"Punjab Cricket Association Stadium, Mohali",Kings XI Punjab,Mumbai Indians,Mumbai Indians,bat,Mumbai Indians,runs,23.0,173.0,20.0,N,,RK Illingworth,VA Kulkarni,829775,173,Kings XI Punjab,0,166.84375,1.0368982955609665,"(1.01, 1.143]"
829777,2015,Mumbai,2015-05-03,League,AM Rahane,Brabourne Stadium,Rajasthan Royals,Delhi Daredevils,Delhi Daredevils,field,Rajasthan Royals,runs,14.0,190.0,20.0,N,,HDPK Dharmasena,CB Gaffaney,829777,190,Delhi Daredevils,0,174.57142857142858,1.0883797054009818,"(1.01, 1.143]"
829779,2015,Chennai,2015-05-04,League,SK Raina,"MA Chidambaram Stadium, Chepauk",Chennai Super Kings,Royal Challengers Bangalore,Chennai Super Kings,bat,Chennai Super Kings,runs,24.0,149.0,20.0,N,,C Shamshuddin,K Srinath,829779,149,Royal Challengers Bangalore,0,167.8,0.8879618593563766,"(0.876, 1.01]"
829781,2015,Kolkata,2015-05-04,League,UT Yadav,Eden Gardens,Kolkata Knight Riders,Sunrisers Hyderabad,Sunrisers Hyderabad,field,Kolkata Knight Riders,runs,35.0,168.0,20.0,N,,AK Chaudhary,M Erasmus,829781,168,Sunrisers Hyderabad,0,151.32558139534885,1.1101890272014752,"(1.01, 1.143]"
829783,2015,Mumbai,2015-05-05,League,Harbhajan Singh,Wankhede Stadium,Mumbai Indians,Delhi Daredevils,Delhi Daredevils,bat,Mumbai Indians,wickets,5.0,153.0,20.0,N,,HDPK Dharmasena,CB Gaffaney,829783,153,Mumbai Indians,1,162.5609756097561,0.941185296324081,"(0.876, 1.01]"
829785,2015,Bangalore,2015-05-06,League,CH Gayle,M Chinnaswamy Stadium,Royal Challengers Bangalore,Kings XI Punjab,Kings XI Punjab,field,Royal Challengers Bangalore,runs,138.0,227.0,20.0,N,,RK Illingworth,VA Kulkarni,829785,227,Kings XI Punjab,0,166.38297872340425,1.3643222506393862,"(1.277, 1.41]"
829761,2015,Kolkata,2015-05-07,League,PP Chawla,Eden Gardens,Kolkata Knight Riders,Delhi Daredevils,Kolkata Knight Riders,bat,Kolkata Knight Riders,runs,13.0,172.0,20.0,N,,AK Chaudhary,M Erasmus,829761,172,Delhi Daredevils,0,151.70454545454547,1.1337827715355804,"(1.01, 1.143]"
829787,2015,Mumbai,2015-05-07,League,EJG Morgan,Brabourne Stadium,Rajasthan Royals,Sunrisers Hyderabad,Rajasthan Royals,field,Sunrisers Hyderabad,runs,7.0,202.0,20.0,N,,JD Cloete,C Shamshuddin,829787,202,Rajasthan Royals,0,176.5,1.1444759206798867,"(1.143, 1.277]"
829789,2015,Chennai,2015-05-08,League,HH Pandya,"MA Chidambaram Stadium, Chepauk",Chennai Super Kings,Mumbai Indians,Chennai Super Kings,bat,Mumbai Indians,wickets,6.0,159.0,20.0,N,,CB Gaffaney,CK Nandan,829789,159,Mumbai Indians,1,167.3913043478261,0.9498701298701299,"(0.876, 1.01]"
829791,2015,Kolkata,2015-05-09,League,AD Russell,Eden Gardens,Kolkata Knight Riders,Kings XI Punjab,Kings XI Punjab,bat,Kolkata Knight Riders,wickets,1.0,184.0,20.0,N,,AK Chaudhary,HDPK Dharmasena,829791,184,Kolkata Knight Riders,1,152.15555555555557,1.2092887395939826,"(1.143, 1.277]"
829793,2015,Raipur,2015-05-09,League,MC Henriques,Shaheed Veer Narayan Singh International Stadium,Delhi Daredevils,Sunrisers Hyderabad,Sunrisers Hyderabad,bat,Sunrisers Hyderabad,runs,6.0,164.0,20.0,N,,VA Kulkarni,S Ravi,829793,164,Delhi Daredevils,0,151.0,1.086092715231788,"(1.01, 1.143]"
829795,2015,Mumbai,2015-05-10,League,AB de Villiers,Wankhede Stadium,Mumbai Indians,Royal Challengers Bangalore,Royal Challengers Bangalore,bat,Royal Challengers Bangalore,runs,39.0,236.0,20.0,N,,JD Cloete,C Shamshuddin,829795,236,Mumbai Indians,0,162.33333333333334,1.4537987679671458,"(1.41, 1.544]"
829797,2015,Chennai,2015-05-10,League,RA Jadeja,"MA Chidambaram Stadium, Chepauk",Chennai Super Kings,Rajasthan Royals,Chennai Super Kings,bat,Chennai Super Kings,runs,12.0,158.0,20.0,N,,M Erasmus,CK Nandan,829797,158,Rajasthan Royals,0,167.2127659574468,0.9449039317979386,"(0.876, 1.01]"
829799,2015,Hyderabad,2015-05-11,League,DA Warner,"Rajiv Gandhi International Stadium, Uppal",Sunrisers Hyderabad,Kings XI Punjab,Sunrisers Hyderabad,bat,Sunrisers Hyderabad,runs,5.0,186.0,20.0,N,,AK Chaudhary,HDPK Dharmasena,829799,186,Kings XI Punjab,0,158.7741935483871,1.171475010158472,"(1.143, 1.277]"
829801,2015,Raipur,2015-05-12,League,Z Khan,Shaheed Veer Narayan Singh International Stadium,Delhi Daredevils,Chennai Super Kings,Chennai Super Kings,bat,Delhi Daredevils,wickets,6.0,120.0,20.0,N,,RK Illingworth,VA Kulkarni,829801,120,Delhi Daredevils,1,155.33333333333334,0.7725321888412017,"(0.743, 0.876]"
829803,2015,Chandigarh,2015-05-13,League,AR Patel,"Punjab Cricket Association Stadium, Mohali",Kings XI Punjab,Royal Challengers Bangalore,Royal Challengers Bangalore,field,Kings XI Punjab,runs,22.0,107.0,10.0,N,,JD Cloete,C Shamshuddin,829803,107,Royal Challengers Bangalore,0,167.03030303030303,0.6406023222060958,"(0.609, 0.743]"
829805,2015,Mumbai,2015-05-14,League,HH Pandya,Wankhede Stadium,Mumbai Indians,Kolkata Knight Riders,Kolkata Knight Riders,field,Mumbai Indians,runs,5.0,172.0,20.0,N,,RK Illingworth,VA Kulkarni,829805,172,Kolkata Knight Riders,0,164.04651162790697,1.0484831301389284,"(1.01, 1.143]"
829807,2015,Hyderabad,2015-05-15,League,V Kohli,"Rajiv Gandhi International Stadium, Uppal",Sunrisers Hyderabad,Royal Challengers Bangalore,Sunrisers Hyderabad,bat,Royal Challengers Bangalore,wickets,6.0,81.0,6.0,N,D/L,AK Chaudhary,HDPK Dharmasena,829807,136,Royal Challengers Bangalore,1,159.625,0.8519968676585747,"(0.743, 0.876]"
829809,2015,Chandigarh,2015-05-16,League,P Negi,"Punjab Cricket Association Stadium, Mohali",Kings XI Punjab,Chennai Super Kings,Kings XI Punjab,bat,Chennai Super Kings,wickets,7.0,131.0,20.0,N,,CK Nandan,C Shamshuddin,829809,131,Chennai Super Kings,1,165.26470588235293,0.7926677344723261,"(0.743, 0.876]"
829811,2015,Mumbai,2015-05-16,League,SR Watson,Brabourne Stadium,Rajasthan Royals,Kolkata Knight Riders,Rajasthan Royals,bat,Rajasthan Royals,runs,9.0,200.0,20.0,N,,RM Deshpande,RK Illingworth,829811,200,Kolkata Knight Riders,0,179.33333333333334,1.1152416356877324,"(1.01, 1.143]"
829813,2015,Bangalore,2015-05-17,League,,M Chinnaswamy Stadium,Royal Challengers Bangalore,Delhi Daredevils,Royal Challengers Bangalore,field,,no result,,188.0,20.0,N,,HDPK Dharmasena,K Srinivasan,829813,188,Royal Challengers Bangalore,0,167.64583333333334,1.1214117062259226,"(1.01, 1.143]"
829815,2015,Hyderabad,2015-05-17,League,MJ McClenaghan,"Rajiv Gandhi International Stadium, Uppal",Sunrisers Hyderabad,Mumbai Indians,Sunrisers Hyderabad,bat,Mumbai Indians,wickets,9.0,114.0,20.0,N,,CB Gaffaney,K Srinath,829815,114,Mumbai Indians,1,158.9090909090909,0.717391304347826,"(0.609, 0.743]"
829817,2015,Mumbai,2015-05-19,Qualifier 1,KA Pollard,Wankhede Stadium,Chennai Super Kings,Mumbai Indians,Mumbai Indians,bat,Mumbai Indians,runs,25.0,188.0,20.0,N,,HDPK Dharmasena,RK Illingworth,829817,188,Chennai Super Kings,0,164.22727272727272,1.1447550512039857,"(1.143, 1.277]"
829819,2015,Pune,2015-05-20,Eliminator,AB de Villiers,Maharashtra Cricket Association Stadium,Royal Challengers Bangalore,Rajasthan Royals,Royal Challengers Bangalore,bat,Royal Challengers Bangalore,runs,71.0,181.0,20.0,N,,AK Chaudhary,C Shamshuddin,829819,181,Rajasthan Royals,0,151.25,1.1966942148760331,"(1.143, 1.277]"
829821,2015,Ranchi,2015-05-22,Qualifier 2,A Nehra,JSCA International Stadium Complex,Chennai Super Kings,Royal Challengers Bangalore,Chennai Super Kings,field,Chennai Super Kings,wickets,3.0,140.0,20.0,N,,AK Chaudhary,CB Gaffaney,829821,140,Chennai Super Kings,1,151.66666666666666,0.9230769230769231,"(0.876, 1.01]"
829823,2015,Kolkata,2015-05-24,Final,RG Sharma,Eden Gardens,Mumbai Indians,Chennai Super Kings,Chennai Super Kings,field,Mumbai Indians,runs,41.0,203.0,20.0,N,,HDPK Dharmasena,RK Illingworth,829823,203,Chennai Super Kings,0,152.84782608695653,1.3281183330962878,"(1.277, 1.41]"
980901,2016,Mumbai,2016-04-09,League,AM Rahane,Wankhede Stadium,Mumbai Indians,Rising Pune Supergiants,Mumbai Indians,bat,Rising Pune Supergiants,wickets,9.0,122.0,20.0,N,,HDPK Dharmasena,CK Nandan,980901,122,Rising Pune Supergiants,1,164.75555555555556,0.7404909630428919,"(0.609, 0.743]"
980903,2016,Kolkata,2016-04-10,League,AD Russell,Eden Gardens,Kolkata Knight Riders,Delhi Daredevils,Kolkata Knight Riders,field,Kolkata Knight Riders,wickets,9.0,99.0,20.0,N,,S Ravi,C Shamshuddin,980903,99,Kolkata Knight Riders,1,153.91489361702128,0.6432126071329831,"(0.609, 0.743]"
980907,2016,Bangalore,2016-04-12,League,AB de Villiers,M Chinnaswamy Stadium,Royal Challengers Bangalore,Sunrisers Hyderabad,Sunrisers Hyderabad,field,Royal Challengers Bangalore,runs,45.0,228.0,20.0,N,,HDPK Dharmasena,VK Sharma,980907,228,Sunrisers Hyderabad,0,168.0612244897959,1.3566484517304191,"(1.277, 1.41]"
980909,2016,Kolkata,2016-04-13,League,RG Sharma,Eden Gardens,Kolkata Knight Riders,Mumbai Indians,Mumbai Indians,field,Mumbai Indians,wickets,6.0,188.0,20.0,N,,Nitin Menon,S Ravi,980909,188,Mumbai Indians,1,152.77083333333334,1.2306013909723168,"(1.143, 1.277]"
980913,2016,Delhi,2016-04-15,League,A Mishra,Feroz Shah Kotla,Delhi Daredevils,Kings XI Punjab,Delhi Daredevils,field,Delhi Daredevils,wickets,8.0,112.0,20.0,N,,S Ravi,C Shamshuddin,980913,112,Delhi Daredevils,1,159.45652173913044,0.7023858214042263,"(0.609, 0.743]"
980915,2016,Hyderabad,2016-04-16,League,G Gambhir,"Rajiv Gandhi International Stadium, Uppal",Sunrisers Hyderabad,Kolkata Knight Riders,Sunrisers Hyderabad,bat,Kolkata Knight Riders,wickets,8.0,143.0,20.0,N,,AK Chaudhary,CK Nandan,980915,143,Kolkata Knight Riders,1,157.58823529411765,0.9074281448301604,"(0.876, 1.01]"
980917,2016,Mumbai,2016-04-16,League,AJ Finch,Wankhede Stadium,Mumbai Indians,Gujarat Lions,Gujarat Lions,field,Gujarat Lions,wickets,3.0,144.0,20.0,N,,HDPK Dharmasena,VK Sharma,980917,144,Gujarat Lions,1,163.82608695652175,0.8789808917197451,"(0.876, 1.01]"
980919,2016,Chandigarh,2016-04-17,League,M Vohra,"Punjab Cricket Association IS Bindra Stadium, Mohali",Kings XI Punjab,Rising Pune Supergiants,Rising Pune Supergiants,bat,Kings XI Punjab,wickets,6.0,153.0,20.0,N,,S Ravi,C Shamshuddin,980919,153,Kings XI Punjab,1,162.0,0.9444444444444444,"(0.876, 1.01]"
980921,2016,Bangalore,2016-04-17,League,Q de Kock,M Chinnaswamy Stadium,Royal Challengers Bangalore,Delhi Daredevils,Delhi Daredevils,field,Delhi Daredevils,wickets,7.0,192.0,20.0,N,,VA Kulkarni,A Nand Kishore,980921,192,Delhi Daredevils,1,169.26,1.1343495214462957,"(1.01, 1.143]"
980923,2016,Hyderabad,2016-04-18,League,DA Warner,"Rajiv Gandhi International Stadium, Uppal",Sunrisers Hyderabad,Mumbai Indians,Sunrisers Hyderabad,field,Sunrisers Hyderabad,wickets,7.0,143.0,20.0,N,,HDPK Dharmasena,VK Sharma,980923,143,Sunrisers Hyderabad,1,157.17142857142858,0.9098345755317214,"(0.876, 1.01]"
980925,2016,Chandigarh,2016-04-19,League,RV Uthappa,"Punjab Cricket Association IS Bindra Stadium, Mohali",Kings XI Punjab,Kolkata Knight Riders,Kolkata Knight Riders,field,Kolkata Knight Riders,wickets,6.0,139.0,20.0,N,,S Ravi,C Shamshuddin,980925,139,Kolkata Knight Riders,1,157.5,0.8825396825396825,"(0.876, 1.01]"
980927,2016,Mumbai,2016-04-20,League,RG Sharma,Wankhede Stadium,Mumbai Indians,Royal Challengers Bangalore,Mumbai Indians,field,Mumbai Indians,wickets,6.0,171.0,20.0,N,,AK Chaudhary,CK Nandan,980927,171,Mumbai Indians,1,163.40425531914894,1.046484375,"(1.01, 1.143]"
980929,2016,Rajkot,2016-04-21,League,B Kumar,Saurashtra Cricket Association Stadium,Gujarat Lions,Sunrisers Hyderabad,Sunrisers Hyderabad,field,Sunrisers Hyderabad,wickets,10.0,136.0,20.0,N,,K Bharatan,HDPK Dharmasena,980929,136,Sunrisers Hyderabad,1,164.0,0.8292682926829268,"(0.743, 0.876]"
980931,2016,Pune,2016-04-22,League,AB de Villiers,Maharashtra Cricket Association Stadium,Rising Pune Supergiants,Royal Challengers Bangalore,Rising Pune Supergiants,field,Royal Challengers Bangalore,runs,13.0,186.0,20.0,N,,CB Gaffaney,VK Sharma,980931,186,Rising Pune Supergiants,0,157.2,1.183206106870229,"(1.143, 1.277]"
980933,2016,Delhi,2016-04-23,League,SV Samson,Feroz Shah Kotla,Delhi Daredevils,Mumbai Indians,Mumbai Indians,field,Delhi Daredevils,runs,10.0,165.0,20.0,N,,S Ravi,C Shamshuddin,980933,165,Mumbai Indians,0,158.4468085106383,1.0413589364844904,"(1.01, 1.143]"
980935,2016,Hyderabad,2016-04-23,League,Mustafizur Rahman,"Rajiv Gandhi International Stadium, Uppal",Sunrisers Hyderabad,Kings XI Punjab,Sunrisers Hyderabad,field,Sunrisers Hyderabad,wickets,5.0,144.0,20.0,N,,AK Chaudhary,CK Nandan,980935,144,Sunrisers Hyderabad,1,156.77777777777777,0.9184975194897237,"(0.876, 1.01]"
980937,2016,Rajkot,2016-04-24,League,V Kohli,Saurashtra Cricket Association Stadium,Gujarat Lions,Royal Challengers Bangalore,Royal Challengers Bangalore,bat,Gujarat Lions,wickets,6.0,181.0,20.0,N,,K Bharatan,BNJ Oxenford,980937,181,Gujarat Lions,1,150.0,1.2066666666666668,"(1.143, 1.277]"
980939,2016,Pune,2016-04-24,League,SA Yadav,Maharashtra Cricket Association Stadium,Rising Pune Supergiants,Kolkata Knight Riders,Kolkata Knight Riders,field,Kolkata Knight Riders,wickets,2.0,161.0,20.0,N,,CB Gaffaney,A Nand Kishore,980939,161,Kolkata Knight Riders,1,162.0,0.9938271604938271,"(0.876, 1.01]"
980941,2016,Chandigarh,2016-04-25,League,PA Patel,"Punjab Cricket Association IS Bindra Stadium, Mohali",Kings XI Punjab,Mumbai Indians,Kings XI Punjab,field,Mumbai Indians,runs,25.0,190.0,20.0,N,,Nitin Menon,RJ Tucker,980941,190,Kings XI Punjab,0,151.33333333333334,1.2555066079295154,"(1.143, 1.277]"
980943,2016,Hyderabad,2016-04-26,League,AB Dinda,"Rajiv Gandhi International Stadium, Uppal",Sunrisers Hyderabad,Rising Pune Supergiants,Rising Pune Supergiants,field,Rising Pune Supergiants,runs,34.0,61.0,11.0,N,D/L,AY Dandekar,CK Nandan,980943,119,Rising Pune Supergiants,1,156.43243243243242,0.7607118175535591,"(0.743, 0.876]"
980945,2016,Delhi,2016-04-27,League,CH Morris,Feroz Shah Kotla,Delhi Daredevils,Gujarat Lions,Delhi Daredevils,field,Gujarat Lions,runs,1.0,173.0,20.0,N,,M Erasmus,S Ravi,980945,173,Delhi Daredevils,0,158.58333333333334,1.0909090909090908,"(1.01, 1.143]"
980947,2016,Mumbai,2016-04-28,League,RG Sharma,Wankhede Stadium,Mumbai Indians,Kolkata Knight Riders,Mumbai Indians,field,Mumbai Indians,wickets,6.0,175.0,20.0,N,,Nitin Menon,RJ Tucker,980947,175,Mumbai Indians,1,163.5625,1.0699273977837218,"(1.01, 1.143]"
980949,2016,Pune,2016-04-29,League,DR Smith,Maharashtra Cricket Association Stadium,Rising Pune Supergiants,Gujarat Lions,Gujarat Lions,field,Gujarat Lions,wickets,3.0,196.0,20.0,N,,CB Gaffaney,BNJ Oxenford,980949,196,Gujarat Lions,1,161.85714285714286,1.2109443954104149,"(1.143, 1.277]"
980951,2016,Delhi,2016-04-30,League,CR Brathwaite,Feroz Shah Kotla,Delhi Daredevils,Kolkata Knight Riders,Kolkata Knight Riders,field,Delhi Daredevils,runs,27.0,187.0,20.0,N,,KN Ananthapadmanabhan,M Erasmus,980951,187,Kolkata Knight Riders,0,158.87755102040816,1.1770070648683366,"(1.143, 1.277]"
980953,2016,Hyderabad,2016-04-30,League,DA Warner,"Rajiv Gandhi International Stadium, Uppal",Sunrisers Hyderabad,Royal Challengers Bangalore,Royal Challengers Bangalore,field,Sunrisers Hyderabad,runs,15.0,195.0,20.0,N,,AK Chaudhary,HDPK Dharmasena,980953,195,Royal Challengers Bangalore,0,155.44736842105263,1.2544438801422042,"(1.143, 1.277]"
980955,2016,Rajkot,2016-05-01,League,AR Patel,Saurashtra Cricket Association Stadium,Gujarat Lions,Kings XI Punjab,Gujarat Lions,field,Kings XI Punjab,runs,23.0,155.0,20.0,N,,BNJ Oxenford,VK Sharma,980955,155,Gujarat Lions,0,160.33333333333334,0.9667359667359667,"(0.876, 1.01]"
980957,2016,Pune,2016-05-01,League,RG Sharma,Maharashtra Cricket Association Stadium,Rising Pune Supergiants,Mumbai Indians,Mumbai Indians,field,Mumbai Indians,wickets,8.0,160.0,20.0,N,,AY Dandekar,RJ Tucker,980957,160,Mumbai Indians,1,166.125,0.963130173062453,"(0.876, 1.01]"
980959,2016,Bangalore,2016-05-02,League,AD Russell,M Chinnaswamy Stadium,Royal Challengers Bangalore,Kolkata Knight Riders,Kolkata Knight Riders,field,Kolkata Knight Riders,wickets,5.0,186.0,20.0,N,,M Erasmus,S Ravi,980959,186,Kolkata Knight Riders,1,169.7058823529412,1.0960138648180242,"(1.01, 1.143]"
980961,2016,Rajkot,2016-05-03,League,RR Pant,Saurashtra Cricket Association Stadium,Gujarat Lions,Delhi Daredevils,Delhi Daredevils,field,Delhi Daredevils,wickets,8.0,150.0,20.0,N,,CB Gaffaney,BNJ Oxenford,980961,150,Delhi Daredevils,1,159.0,0.9433962264150944,"(0.876, 1.01]"
980963,2016,Kolkata,2016-05-04,League,AD Russell,Eden Gardens,Kolkata Knight Riders,Kings XI Punjab,Kings XI Punjab,field,Kolkata Knight Riders,runs,7.0,165.0,20.0,N,,AK Chaudhary,HDPK Dharmasena,980963,165,Kings XI Punjab,0,153.48979591836735,1.074990027921819,"(1.01, 1.143]"
980965,2016,Delhi,2016-05-05,League,AM Rahane,Feroz Shah Kotla,Delhi Daredevils,Rising Pune Supergiants,Rising Pune Supergiants,field,Rising Pune Supergiants,wickets,7.0,163.0,20.0,N,,C Shamshuddin,RJ Tucker,980965,163,Rising Pune Supergiants,1,159.44,1.0223281485198195,"(1.01, 1.143]"
980967,2016,Hyderabad,2016-05-06,League,B Kumar,"Rajiv Gandhi International Stadium, Uppal",Sunrisers Hyderabad,Gujarat Lions,Sunrisers Hyderabad,field,Sunrisers Hyderabad,wickets,5.0,127.0,20.0,N,,M Erasmus,S Ravi,980967,127,Sunrisers Hyderabad,1,156.46153846153845,0.811701081612586,"(0.743, 0.876]"
980969,2016,Bangalore,2016-05-07,League,V Kohli,M Chinnaswamy Stadium,Royal Challengers Bangalore,Rising Pune Supergiants,Royal Challengers Bangalore,field,Royal Challengers Bangalore,wickets,7.0,192.0,20.0,N,,CB Gaffaney,BNJ Oxenford,980969,192,Royal Challengers Bangalore,1,170.01923076923077,1.1292840176450627,"(1.01, 1.143]"
980971,2016,Chandigarh,2016-05-07,League,MP Stoinis,"Punjab Cricket Association IS Bindra Stadium, Mohali",Kings XI Punjab,Delhi Daredevils,Delhi Daredevils,field,Kings XI Punjab,runs,9.0,182.0,20.0,N,,HDPK Dharmasena,CK Nandan,980971,182,Delhi Daredevils,0,161.0,1.1304347826086956,"(1.01, 1.143]"
980973,2016,Visakhapatnam,2016-05-08,League,A Nehra,Dr. Y.S. Rajasekhara Reddy ACA-VDCA Cricket Stadium,Mumbai Indians,Sunrisers Hyderabad,Mumbai Indians,field,Sunrisers Hyderabad,runs,85.0,178.0,20.0,N,,S Ravi,C Shamshuddin,980973,178,Mumbai Indians,0,161.2,1.1042183622828785,"(1.01, 1.143]"
980975,2016,Kolkata,2016-05-08,League,P Kumar,Eden Gardens,Kolkata Knight Riders,Gujarat Lions,Gujarat Lions,field,Gujarat Lions,wickets,5.0,159.0,20.0,N,,M Erasmus,RJ Tucker,980975,159,Gujarat Lions,1,153.72,1.0343481654957065,"(1.01, 1.143]"
980977,2016,Chandigarh,2016-05-09,League,SR Watson,"Punjab Cricket Association IS Bindra Stadium, Mohali",Kings XI Punjab,Royal Challengers Bangalore,Kings XI Punjab,field,Royal Challengers Bangalore,runs,1.0,176.0,20.0,N,,AK Chaudhary,HDPK Dharmasena,980977,176,Kings XI Punjab,0,165.2,1.0653753026634383,"(1.01, 1.143]"
980979,2016,Visakhapatnam,2016-05-10,League,A Zampa,Dr. Y.S. Rajasekhara Reddy ACA-VDCA Cricket Stadium,Rising Pune Supergiants,Sunrisers Hyderabad,Sunrisers Hyderabad,bat,Sunrisers Hyderabad,runs,4.0,138.0,20.0,N,,CB Gaffaney,VK Sharma,980979,138,Rising Pune Supergiants,0,164.0,0.8414634146341463,"(0.743, 0.876]"
980981,2016,Bangalore,2016-05-11,League,KH Pandya,M Chinnaswamy Stadium,Royal Challengers Bangalore,Mumbai Indians,Mumbai Indians,field,Mumbai Indians,wickets,6.0,152.0,20.0,N,,AY Dandekar,C Shamshuddin,980981,152,Mumbai Indians,1,170.43396226415095,0.8918410273441824,"(0.876, 1.01]"
980983,2016,Hyderabad,2016-05-12,League,CH Morris,"Rajiv Gandhi International Stadium, Uppal",Sunrisers Hyderabad,Delhi Daredevils,Delhi Daredevils,field,Delhi Daredevils,wickets,7.0,147.0,20.0,N,,K Bharatan,M Erasmus,980983,147,Delhi Daredevils,1,155.725,0.9439717450634131,"(0.876, 1.01]"
980985,2016,Visakhapatnam,2016-05-13,League,MP Stoinis,Dr. Y.S. Rajasekhara Reddy ACA-VDCA Cricket Stadium,Mumbai Indians,Kings XI Punjab,Mumbai Indians,bat,Kings XI Punjab,wickets,7.0,125.0,20.0,N,,HDPK Dharmasena,CK Nandan,980985,125,Kings XI Punjab,1,160.28571428571428,0.7798573975044564,"(0.743, 0.876]"
980987,2016,Bangalore,2016-05-14,League,AB de Villiers,M Chinnaswamy Stadium,Royal Challengers Bangalore,Gujarat Lions,Gujarat Lions,field,Royal Challengers Bangalore,runs,144.0,249.0,20.0,N,,AY Dandekar,VK Sharma,980987,249,Gujarat Lions,0,170.09259259259258,1.4639085465432773,"(1.41, 1.544]"
980989,2016,Kolkata,2016-05-14,League,YK Pathan,Eden Gardens,Kolkata Knight Riders,Rising Pune Supergiants,Rising Pune Supergiants,bat,Kolkata Knight Riders,wickets,8.0,66.0,9.0,N,D/L,A Nand Kishore,BNJ Oxenford,980989,104,Kolkata Knight Riders,1,153.8235294117647,0.6760994263862333,"(0.609, 0.743]"
980991,2016,Chandigarh,2016-05-15,League,HM Amla,"Punjab Cricket Association IS Bindra Stadium, Mohali",Kings XI Punjab,Sunrisers Hyderabad,Kings XI Punjab,bat,Sunrisers Hyderabad,wickets,7.0,180.0,20.0,N,,KN Ananthapadmanabhan,M Erasmus,980991,180,Sunrisers Hyderabad,1,167.0,1.0778443113772456,"(1.01, 1.143]"
980993,2016,Visakhapatnam,2016-05-15,League,KH Pandya,Dr. Y.S. Rajasekhara Reddy ACA-VDCA Cricket Stadium,Mumbai Indians,Delhi Daredevils,Delhi Daredevils,field,Mumbai Indians,runs,80.0,207.0,20.0,N,,Nitin Menon,CK Nandan,980993,207,Delhi Daredevils,0,155.875,1.3279871692060947,"(1.277, 1.41]"
980995,2016,Kolkata,2016-05-16,League,V Kohli,Eden Gardens,Kolkata Knight Riders,Royal Challengers Bangalore,Royal Challengers Bangalore,field,Royal Challengers Bangalore,wickets,9.0,184.0,20.0,N,,CB Gaffaney,A Nand Kishore,980995,184,Royal Challengers Bangalore,1,152.8653846153846,1.203673418040005,"(1.143, 1.277]"
980997,2016,Visakhapatnam,2016-05-17,League,AB Dinda,Dr. Y.S. Rajasekhara Reddy ACA-VDCA Cricket Stadium,Rising Pune Supergiants,Delhi Daredevils,Rising Pune Supergiants,field,Rising Pune Supergiants,runs,19.0,58.0,11.0,N,D/L,Nitin Menon,C Shamshuddin,980997,122,Rising Pune Supergiants,1,161.55555555555554,0.7551581843191197,"(0.743, 0.876]"
980999,2016,Bangalore,2016-05-18,League,V Kohli,M Chinnaswamy Stadium,Royal Challengers Bangalore,Kings XI Punjab,Kings XI Punjab,field,Royal Challengers Bangalore,runs,82.0,203.0,14.0,N,D/L,KN Ananthapadmanabhan,M Erasmus,980999,212,Kings XI Punjab,0,171.52727272727273,1.2359550561797752,"(1.143, 1.277]"
981003,2016,Raipur,2016-05-20,League,KK Nair,Shaheed Veer Narayan Singh International Stadium,Delhi Daredevils,Sunrisers Hyderabad,Delhi Daredevils,field,Delhi Daredevils,wickets,6.0,159.0,20.0,N,,A Nand Kishore,BNJ Oxenford,981003,159,Delhi Daredevils,1,146.5,1.0853242320819112,"(1.01, 1.143]"
981005,2016,Visakhapatnam,2016-05-21,League,MS Dhoni,Dr. Y.S. Rajasekhara Reddy ACA-VDCA Cricket Stadium,Rising Pune Supergiants,Kings XI Punjab,Kings XI Punjab,bat,Rising Pune Supergiants,wickets,4.0,173.0,20.0,N,,HDPK Dharmasena,Nitin Menon,981005,173,Rising Pune Supergiants,1,157.6,1.0977157360406091,"(1.01, 1.143]"
981007,2016,Kanpur,2016-05-21,League,SK Raina,Green Park,Gujarat Lions,Mumbai Indians,Gujarat Lions,field,Gujarat Lions,wickets,6.0,173.0,20.0,N,,AK Chaudhary,CK Nandan,981007,173,Gujarat Lions,1,125.0,1.384,"(1.277, 1.41]"
981009,2016,Kolkata,2016-05-22,League,YK Pathan,Eden Gardens,Kolkata Knight Riders,Sunrisers Hyderabad,Sunrisers Hyderabad,field,Kolkata Knight Riders,runs,22.0,172.0,20.0,N,,KN Ananthapadmanabhan,M Erasmus,981009,172,Sunrisers Hyderabad,0,153.45283018867926,1.1208656092462805,"(1.01, 1.143]"
981011,2016,Raipur,2016-05-22,League,V Kohli,Shaheed Veer Narayan Singh International Stadium,Delhi Daredevils,Royal Challengers Bangalore,Royal Challengers Bangalore,field,Royal Challengers Bangalore,wickets,6.0,139.0,20.0,N,,A Nand Kishore,BNJ Oxenford,981011,139,Royal Challengers Bangalore,1,149.0,0.9328859060402684,"(0.876, 1.01]"
981013,2016,Bangalore,2016-05-24,Qualifier 1,AB de Villiers,M Chinnaswamy Stadium,Gujarat Lions,Royal Challengers Bangalore,Royal Challengers Bangalore,field,Royal Challengers Bangalore,wickets,4.0,159.0,20.0,N,,AK Chaudhary,HDPK Dharmasena,981013,159,Royal Challengers Bangalore,1,172.25,0.9230769230769231,"(0.876, 1.01]"
981015,2016,Delhi,2016-05-25,Elimination Final,MC Henriques,Feroz Shah Kotla,Sunrisers Hyderabad,Kolkata Knight Riders,Kolkata Knight Riders,field,Sunrisers Hyderabad,runs,22.0,163.0,20.0,N,,M Erasmus,C Shamshuddin,981015,163,Kolkata Knight Riders,0,159.50980392156862,1.021880762138906,"(1.01, 1.143]"
981017,2016,Delhi,2016-05-27,Qualifier 2,DA Warner,Feroz Shah Kotla,Gujarat Lions,Sunrisers Hyderabad,Sunrisers Hyderabad,field,Sunrisers Hyderabad,wickets,4.0,163.0,20.0,N,,M Erasmus,CK Nandan,981017,163,Sunrisers Hyderabad,1,159.57692307692307,1.0214509520366355,"(1.01, 1.143]"
981019,2016,Bangalore,2016-05-29,Final,BCJ Cutting,M Chinnaswamy Stadium,Royal Challengers Bangalore,Sunrisers Hyderabad,Sunrisers Hyderabad,bat,Sunrisers Hyderabad,runs,8.0,209.0,20.0,N,,HDPK Dharmasena,BNJ Oxenford,981019,209,Royal Challengers Bangalore,0,172.01754385964912,1.2149923508414073,"(1.143, 1.277]"
1082591,2017,Hyderabad,2017-04-05,League,Yuvraj Singh,"Rajiv Gandhi International Stadium, Uppal",Sunrisers Hyderabad,Royal Challengers Bangalore,Royal Challengers Bangalore,field,Sunrisers Hyderabad,runs,35.0,208.0,20.0,N,,AY Dandekar,NJ Llong,1082591,208,Royal Challengers Bangalore,0,155.5121951219512,1.3375156838143036,"(1.277, 1.41]"
1082592,2017,Pune,2017-04-06,League,SPD Smith,Maharashtra Cricket Association Stadium,Rising Pune Supergiant,Mumbai Indians,Rising Pune Supergiant,field,Rising Pune Supergiant,wickets,7.0,185.0,20.0,N,,A Nand Kishore,S Ravi,1082592,185,Rising Pune Supergiant,1,165.44444444444446,1.1182001343183343,"(1.01, 1.143]"
1082593,2017,Rajkot,2017-04-07,League,CA Lynn,Saurashtra Cricket Association Stadium,Gujarat Lions,Kolkata Knight Riders,Kolkata Knight Riders,field,Kolkata Knight Riders,wickets,10.0,184.0,20.0,N,,Nitin Menon,CK Nandan,1082593,184,Kolkata Knight Riders,1,157.2,1.1704834605597965,"(1.143, 1.277]"
1082594,2017,Indore,2017-04-08,League,GJ Maxwell,Holkar Cricket Stadium,Kings XI Punjab,Rising Pune Supergiant,Kings XI Punjab,field,Kings XI Punjab,wickets,6.0,164.0,20.0,N,,AK Chaudhary,C Shamshuddin,1082594,164,Kings XI Punjab,1,138.5,1.184115523465704,"(1.143, 1.277]"
1082596,2017,Hyderabad,2017-04-09,League,Rashid Khan,"Rajiv Gandhi International Stadium, Uppal",Sunrisers Hyderabad,Gujarat Lions,Sunrisers Hyderabad,field,Sunrisers Hyderabad,wickets,9.0,136.0,20.0,N,,A Deshmukh,NJ Llong,1082596,136,Sunrisers Hyderabad,1,156.76190476190476,0.8675577156743621,"(0.743, 0.876]"
1082597,2017,Mumbai,2017-04-09,League,N Rana,Wankhede Stadium,Mumbai Indians,Kolkata Knight Riders,Mumbai Indians,field,Mumbai Indians,wickets,4.0,179.0,20.0,N,,Nitin Menon,CK Nandan,1082597,179,Mumbai Indians,1,163.79591836734693,1.0928233241963619,"(1.01, 1.143]"
1082598,2017,Indore,2017-04-10,League,AR Patel,Holkar Cricket Stadium,Kings XI Punjab,Royal Challengers Bangalore,Royal Challengers Bangalore,bat,Kings XI Punjab,wickets,8.0,149.0,20.0,N,,AK Chaudhary,C Shamshuddin,1082598,149,Kings XI Punjab,1,147.0,1.0136054421768708,"(1.01, 1.143]"
1082599,2017,Pune,2017-04-11,League,SV Samson,Maharashtra Cricket Association Stadium,Rising Pune Supergiant,Delhi Daredevils,Rising Pune Supergiant,field,Delhi Daredevils,runs,97.0,206.0,20.0,N,,AY Dandekar,S Ravi,1082599,206,Rising Pune Supergiant,0,167.4,1.2305854241338112,"(1.143, 1.277]"
1082600,2017,Mumbai,2017-04-12,League,JJ Bumrah,Wankhede Stadium,Mumbai Indians,Sunrisers Hyderabad,Mumbai Indians,field,Mumbai Indians,wickets,4.0,159.0,20.0,N,,Nitin Menon,CK Nandan,1082600,159,Mumbai Indians,1,164.1,0.9689213893967094,"(0.876, 1.01]"
1082601,2017,Kolkata,2017-04-13,League,SP Narine,Eden Gardens,Kolkata Knight Riders,Kings XI Punjab,Kolkata Knight Riders,field,Kolkata Knight Riders,wickets,8.0,171.0,20.0,N,,A Deshmukh,NJ Llong,1082601,171,Kolkata Knight Riders,1,153.7962962962963,1.1118603251053583,"(1.01, 1.143]"
1082602,2017,Bangalore,2017-04-14,League,KA Pollard,M Chinnaswamy Stadium,Royal Challengers Bangalore,Mumbai Indians,Mumbai Indians,field,Mumbai Indians,wickets,4.0,143.0,20.0,N,,KN Ananthapadmanabhan,AK Chaudhary,1082602,143,Mumbai Indians,1,172.6551724137931,0.8282404633513082,"(0.743, 0.876]"
1082603,2017,Rajkot,2017-04-14,League,AJ Tye,Saurashtra Cricket Association Stadium,Gujarat Lions,Rising Pune Supergiant,Gujarat Lions,field,Gujarat Lions,wickets,7.0,172.0,20.0,N,,A Nand Kishore,S Ravi,1082603,172,Gujarat Lions,1,161.66666666666666,1.0639175257731959,"(1.01, 1.143]"
1082604,2017,Kolkata,2017-04-15,League,RV Uthappa,Eden Gardens,Kolkata Knight Riders,Sunrisers Hyderabad,Sunrisers Hyderabad,field,Kolkata Knight Riders,runs,17.0,173.0,20.0,N,,AY Dandekar,NJ Llong,1082604,173,Sunrisers Hyderabad,0,154.1090909090909,1.1225814063237378,"(1.01, 1.143]"
1082605,2017,Delhi,2017-04-15,League,CJ Anderson,Feroz Shah Kotla,Delhi Daredevils,Kings XI Punjab,Delhi Daredevils,bat,Delhi Daredevils,runs,51.0,189.0,20.0,N,,YC Barde,Nitin Menon,1082605,189,Kings XI Punjab,0,159.64150943396226,1.1839026119843992,"(1.143, 1.277]"
1082606,2017,Mumbai,2017-04-16,League,N Rana,Wankhede Stadium,Mumbai Indians,Gujarat Lions,Mumbai Indians,field,Mumbai Indians,wickets,6.0,177.0,20.0,N,,A Nand Kishore,S Ravi,1082606,177,Mumbai Indians,1,164.0,1.079268292682927,"(1.01, 1.143]"
1082607,2017,Bangalore,2017-04-16,League,BA Stokes,M Chinnaswamy Stadium,Royal Challengers Bangalore,Rising Pune Supergiant,Royal Challengers Bangalore,field,Rising Pune Supergiant,runs,27.0,162.0,20.0,N,,KN Ananthapadmanabhan,C Shamshuddin,1082607,162,Royal Challengers Bangalore,0,172.15254237288136,0.941025893472482,"(0.876, 1.01]"
1082608,2017,Delhi,2017-04-17,League,NM Coulter-Nile,Feroz Shah Kotla,Delhi Daredevils,Kolkata Knight Riders,Delhi Daredevils,bat,Kolkata Knight Riders,wickets,4.0,169.0,20.0,N,,Nitin Menon,CK Nandan,1082608,169,Kolkata Knight Riders,1,160.1851851851852,1.055028901734104,"(1.01, 1.143]"
1082609,2017,Hyderabad,2017-04-17,League,B Kumar,"Rajiv Gandhi International Stadium, Uppal",Sunrisers Hyderabad,Kings XI Punjab,Kings XI Punjab,field,Sunrisers Hyderabad,runs,5.0,160.0,20.0,N,,AY Dandekar,A Deshmukh,1082609,160,Kings XI Punjab,0,156.27906976744185,1.023809523809524,"(1.01, 1.143]"
1082610,2017,Rajkot,2017-04-18,League,CH Gayle,Saurashtra Cricket Association Stadium,Gujarat Lions,Royal Challengers Bangalore,Gujarat Lions,field,Royal Challengers Bangalore,runs,21.0,214.0,20.0,N,,S Ravi,VK Sharma,1082610,214,Gujarat Lions,0,163.14285714285714,1.3117338003502628,"(1.277, 1.41]"
1082611,2017,Hyderabad,2017-04-19,League,KS Williamson,"Rajiv Gandhi International Stadium, Uppal",Sunrisers Hyderabad,Delhi Daredevils,Sunrisers Hyderabad,bat,Sunrisers Hyderabad,runs,15.0,192.0,20.0,N,,CB Gaffaney,NJ Llong,1082611,192,Delhi Daredevils,0,156.36363636363637,1.227906976744186,"(1.143, 1.277]"
1082612,2017,Indore,2017-04-20,League,JC Buttler,Holkar Cricket Stadium,Kings XI Punjab,Mumbai Indians,Mumbai Indians,field,Mumbai Indians,wickets,8.0,199.0,20.0,N,,M Erasmus,C Shamshuddin,1082612,199,Mumbai Indians,1,147.5,1.3491525423728814,"(1.277, 1.41]"
1082613,2017,Kolkata,2017-04-21,League,SK Raina,Eden Gardens,Kolkata Knight Riders,Gujarat Lions,Gujarat Lions,field,Gujarat Lions,wickets,4.0,188.0,20.0,N,,CB Gaffaney,Nitin Menon,1082613,188,Gujarat Lions,1,154.44642857142858,1.2172505491964387,"(1.143, 1.277]"
1082614,2017,Mumbai,2017-04-22,League,MJ McClenaghan,Wankhede Stadium,Mumbai Indians,Delhi Daredevils,Delhi Daredevils,field,Mumbai Indians,runs,14.0,143.0,20.0,N,,A Nand Kishore,S Ravi,1082614,143,Delhi Daredevils,0,164.25,0.8706240487062404,"(0.743, 0.876]"
1082615,2017,Pune,2017-04-22,League,MS Dhoni,Maharashtra Cricket Association Stadium,Rising Pune Supergiant,Sunrisers Hyderabad,Rising Pune Supergiant,field,Rising Pune Supergiant,wickets,6.0,177.0,20.0,N,,AY Dandekar,A Deshmukh,1082615,177,Rising Pune Supergiant,1,170.9090909090909,1.0356382978723404,"(1.01, 1.143]"
1082616,2017,Rajkot,2017-04-23,League,HM Amla,Saurashtra Cricket Association Stadium,Gujarat Lions,Kings XI Punjab,Gujarat Lions,field,Kings XI Punjab,runs,26.0,189.0,20.0,N,,AK Chaudhary,M Erasmus,1082616,189,Gujarat Lions,0,169.5,1.1150442477876106,"(1.01, 1.143]"
1082617,2017,Kolkata,2017-04-23,League,NM Coulter-Nile,Eden Gardens,Kolkata Knight Riders,Royal Challengers Bangalore,Royal Challengers Bangalore,field,Kolkata Knight Riders,runs,82.0,132.0,20.0,N,,CB Gaffaney,CK Nandan,1082617,132,Royal Challengers Bangalore,0,155.03508771929825,0.8514201652144393,"(0.743, 0.876]"
1082618,2017,Mumbai,2017-04-24,League,BA Stokes,Wankhede Stadium,Mumbai Indians,Rising Pune Supergiant,Mumbai Indians,field,Rising Pune Supergiant,runs,3.0,161.0,20.0,N,,A Nand Kishore,S Ravi,1082618,161,Mumbai Indians,0,163.8490566037736,0.9826116996775679,"(0.876, 1.01]"
1082620,2017,Pune,2017-04-26,League,RV Uthappa,Maharashtra Cricket Association Stadium,Rising Pune Supergiant,Kolkata Knight Riders,Kolkata Knight Riders,field,Kolkata Knight Riders,wickets,7.0,183.0,20.0,N,,AY Dandekar,NJ Llong,1082620,183,Kolkata Knight Riders,1,171.41666666666666,1.0675741370928538,"(1.01, 1.143]"
1082621,2017,Bangalore,2017-04-27,League,AJ Tye,M Chinnaswamy Stadium,Royal Challengers Bangalore,Gujarat Lions,Gujarat Lions,field,Gujarat Lions,wickets,7.0,135.0,20.0,N,,AK Chaudhary,C Shamshuddin,1082621,135,Gujarat Lions,1,171.98333333333332,0.784959782924702,"(0.743, 0.876]"
1082622,2017,Kolkata,2017-04-28,League,G Gambhir,Eden Gardens,Kolkata Knight Riders,Delhi Daredevils,Kolkata Knight Riders,field,Kolkata Knight Riders,wickets,7.0,161.0,20.0,N,,NJ Llong,S Ravi,1082622,161,Kolkata Knight Riders,1,154.63793103448276,1.0411417103356004,"(1.01, 1.143]"
1082623,2017,Chandigarh,2017-04-28,League,Rashid Khan,"Punjab Cricket Association IS Bindra Stadium, Mohali",Kings XI Punjab,Sunrisers Hyderabad,Kings XI Punjab,field,Sunrisers Hyderabad,runs,26.0,208.0,20.0,N,,Nitin Menon,CK Nandan,1082623,208,Kings XI Punjab,0,168.85714285714286,1.2318104906937395,"(1.143, 1.277]"
1082624,2017,Pune,2017-04-29,League,LH Ferguson,Maharashtra Cricket Association Stadium,Rising Pune Supergiant,Royal Challengers Bangalore,Royal Challengers Bangalore,field,Rising Pune Supergiant,runs,61.0,158.0,20.0,N,,KN Ananthapadmanabhan,M Erasmus,1082624,158,Royal Challengers Bangalore,0,172.30769230769232,0.9169642857142857,"(0.876, 1.01]"
1082625,2017,Rajkot,2017-04-29,League,KH Pandya,Saurashtra Cricket Association Stadium,Gujarat Lions,Mumbai Indians,Gujarat Lions,bat,Mumbai Indians,tie,,154.0,20.0,Y,,AK Chaudhary,CB Gaffaney,1082625,154,Mumbai Indians,1,171.66666666666666,0.8970873786407767,"(0.876, 1.01]"
1082626,2017,Chandigarh,2017-04-30,League,Sandeep Sharma,"Punjab Cricket Association IS Bindra Stadium, Mohali",Kings XI Punjab,Delhi Daredevils,Kings XI Punjab,field,Kings XI Punjab,wickets,10.0,68.0,20.0,N,,YC Barde,CK Nandan,1082626,68,Kings XI Punjab,1,173.75,0.39136690647482014,"(0.341, 0.476]"
1082627,2017,Hyderabad,2017-04-30,League,DA Warner,"Rajiv Gandhi International Stadium, Uppal",Sunrisers Hyderabad,Kolkata Knight Riders,Kolkata Knight Riders,field,Sunrisers Hyderabad,runs,48.0,210.0,20.0,N,,AY Dandekar,S Ravi,1082627,210,Kolkata Knight Riders,0,157.15555555555557,1.3362556561085972,"(1.277, 1.41]"
1082628,2017,Mumbai,2017-05-01,League,RG Sharma,Wankhede Stadium,Mumbai Indians,Royal Challengers Bangalore,Royal Challengers Bangalore,bat,Mumbai Indians,wickets,5.0,163.0,20.0,N,,AK Chaudhary,CB Gaffaney,1082628,163,Mumbai Indians,1,163.7962962962963,0.9951384963256077,"(0.876, 1.01]"
1082629,2017,Pune,2017-05-01,League,BA Stokes,Maharashtra Cricket Association Stadium,Rising Pune Supergiant,Gujarat Lions,Rising Pune Supergiant,field,Rising Pune Supergiant,wickets,5.0,162.0,20.0,N,,M Erasmus,C Shamshuddin,1082629,162,Rising Pune Supergiant,1,171.28571428571428,0.9457881567973312,"(0.876, 1.01]"
1082630,2017,Delhi,2017-05-02,League,Mohammed Shami,Feroz Shah Kotla,Delhi Daredevils,Sunrisers Hyderabad,Delhi Daredevils,field,Delhi Daredevils,wickets,6.0,186.0,20.0,N,,YC Barde,Nitin Menon,1082630,186,Delhi Daredevils,1,160.34545454545454,1.1599954643383603,"(1.143, 1.277]"
1082631,2017,Kolkata,2017-05-03,League,RA Tripathi,Eden Gardens,Kolkata Knight Riders,Rising Pune Supergiant,Rising Pune Supergiant,field,Rising Pune Supergiant,wickets,4.0,156.0,20.0,N,,KN Ananthapadmanabhan,A Nand Kishore,1082631,156,Rising Pune Supergiant,1,154.74576271186442,1.008105147864184,"(0.876, 1.01]"
1082632,2017,Delhi,2017-05-04,League,RR Pant,Feroz Shah Kotla,Delhi Daredevils,Gujarat Lions,Delhi Daredevils,field,Delhi Daredevils,wickets,7.0,209.0,20.0,N,,M Erasmus,Nitin Menon,1082632,209,Delhi Daredevils,1,160.80357142857142,1.2997223764575236,"(1.277, 1.41]"
1082633,2017,Bangalore,2017-05-05,League,Sandeep Sharma,M Chinnaswamy Stadium,Royal Challengers Bangalore,Kings XI Punjab,Royal Challengers Bangalore,field,Kings XI Punjab,runs,19.0,139.0,20.0,N,,CB Gaffaney,C Shamshuddin,1082633,139,Royal Challengers Bangalore,0,171.37704918032787,0.8110770996747656,"(0.743, 0.876]"
1082634,2017,Hyderabad,2017-05-06,League,JD Unadkat,"Rajiv Gandhi International Stadium, Uppal",Sunrisers Hyderabad,Rising Pune Supergiant,Sunrisers Hyderabad,field,Rising Pune Supergiant,runs,12.0,149.0,20.0,N,,KN Ananthapadmanabhan,AK Chaudhary,1082634,149,Sunrisers Hyderabad,0,158.30434782608697,0.94122493820379,"(0.876, 1.01]"
1082635,2017,Delhi,2017-05-06,League,LMP Simmons,Feroz Shah Kotla,Delhi Daredevils,Mumbai Indians,Delhi Daredevils,field,Mumbai Indians,runs,146.0,213.0,20.0,N,,Nitin Menon,CK Nandan,1082635,213,Delhi Daredevils,0,161.64912280701753,1.3176687649229435,"(1.277, 1.41]"
1082636,2017,Bangalore,2017-05-07,League,SP Narine,M Chinnaswamy Stadium,Royal Challengers Bangalore,Kolkata Knight Riders,Kolkata Knight Riders,field,Kolkata Knight Riders,wickets,6.0,159.0,20.0,N,,AY Dandekar,C Shamshuddin,1082636,159,Kolkata Knight Riders,1,170.8548387096774,0.9306145567827812,"(0.876, 1.01]"
1082637,2017,Chandigarh,2017-05-07,League,DR Smith,"Punjab Cricket Association IS Bindra Stadium, Mohali",Kings XI Punjab,Gujarat Lions,Gujarat Lions,field,Gujarat Lions,wickets,6.0,190.0,20.0,N,,A Nand Kishore,VK Sharma,1082637,190,Gujarat Lions,1,162.0,1.1728395061728396,"(1.143, 1.277]"
1082638,2017,Hyderabad,2017-05-08,League,S Dhawan,"Rajiv Gandhi International Stadium, Uppal",Sunrisers Hyderabad,Mumbai Indians,Mumbai Indians,bat,Sunrisers Hyderabad,wickets,7.0,139.0,20.0,N,,KN Ananthapadmanabhan,M Erasmus,1082638,139,Sunrisers Hyderabad,1,158.10638297872342,0.8791548916700309,"(0.876, 1.01]"
1082639,2017,Chandigarh,2017-05-09,League,MM Sharma,"Punjab Cricket Association IS Bindra Stadium, Mohali",Kings XI Punjab,Kolkata Knight Riders,Kolkata Knight Riders,field,Kings XI Punjab,runs,14.0,168.0,20.0,N,,A Nand Kishore,S Ravi,1082639,168,Kolkata Knight Riders,0,164.8,1.0194174757281553,"(1.01, 1.143]"
1082640,2017,Kanpur,2017-05-10,League,SS Iyer,Green Park,Gujarat Lions,Delhi Daredevils,Delhi Daredevils,field,Delhi Daredevils,wickets,2.0,196.0,20.0,N,,YC Barde,AK Chaudhary,1082640,196,Delhi Daredevils,1,149.0,1.3154362416107384,"(1.277, 1.41]"
1082641,2017,Mumbai,2017-05-11,League,WP Saha,Wankhede Stadium,Mumbai Indians,Kings XI Punjab,Mumbai Indians,field,Kings XI Punjab,runs,7.0,231.0,20.0,N,,A Deshmukh,A Nand Kishore,1082641,231,Mumbai Indians,0,163.78181818181818,1.4104129662522202,"(1.41, 1.544]"
1082642,2017,Delhi,2017-05-12,League,KK Nair,Feroz Shah Kotla,Delhi Daredevils,Rising Pune Supergiant,Delhi Daredevils,bat,Delhi Daredevils,runs,7.0,169.0,20.0,N,,KN Ananthapadmanabhan,CK Nandan,1082642,169,Rising Pune Supergiant,0,162.5344827586207,1.0397793571655882,"(1.01, 1.143]"
1082643,2017,Kanpur,2017-05-13,League,Mohammed Siraj,Green Park,Gujarat Lions,Sunrisers Hyderabad,Sunrisers Hyderabad,field,Sunrisers Hyderabad,wickets,8.0,155.0,20.0,N,,AK Chaudhary,Nitin Menon,1082643,155,Sunrisers Hyderabad,1,164.66666666666666,0.9412955465587045,"(0.876, 1.01]"
1082644,2017,Kolkata,2017-05-13,League,AT Rayudu,Eden Gardens,Kolkata Knight Riders,Mumbai Indians,Kolkata Knight Riders,field,Mumbai Indians,runs,9.0,174.0,20.0,N,,A Nand Kishore,S Ravi,1082644,174,Kolkata Knight Riders,0,154.76666666666668,1.1242730992892525,"(1.01, 1.143]"
1082645,2017,Pune,2017-05-14,League,JD Unadkat,Maharashtra Cricket Association Stadium,Rising Pune Supergiant,Kings XI Punjab,Rising Pune Supergiant,field,Rising Pune Supergiant,wickets,9.0,74.0,20.0,N,,AY Dandekar,A Deshmukh,1082645,74,Rising Pune Supergiant,1,170.66666666666666,0.43359375,"(0.341, 0.476]"
1082646,2017,Delhi,2017-05-14,League,HV Patel,Feroz Shah Kotla,Delhi Daredevils,Royal Challengers Bangalore,Royal Challengers Bangalore,bat,Royal Challengers Bangalore,runs,10.0,162.0,20.0,N,,CK Nandan,C Shamshuddin,1082646,162,Delhi Daredevils,0,162.64406779661016,0.9960400166736141,"(0.876, 1.01]"
1082647,2017,Mumbai,2017-05-16,Qualifier 1,Washington Sundar,Wankhede Stadium,Mumbai Indians,Rising Pune Supergiant,Mumbai Indians,field,Rising Pune Supergiant,runs,20.0,163.0,20.0,N,,S Ravi,C Shamshuddin,1082647,163,Mumbai Indians,0,164.98214285714286,0.987985712739474,"(0.876, 1.01]"
1082648,2017,Bangalore,2017-05-17,Eliminator,NM Coulter-Nile,M Chinnaswamy Stadium,Sunrisers Hyderabad,Kolkata Knight Riders,Kolkata Knight Riders,field,Kolkata Knight Riders,wickets,7.0,48.0,6.0,N,D/L,AK Chaudhary,Nitin Menon,1082648,129,Kolkata Knight Riders,1,170.66666666666666,0.755859375,"(0.743, 0.876]"
1082649,2017,Bangalore,2017-05-19,Qualifier 2,KV Sharma,M Chinnaswamy Stadium,Mumbai Indians,Kolkata Knight Riders,Mumbai Indians,field,Mumbai Indians,wickets,6.0,108.0,20.0,N,,NJ Llong,Nitin Menon,1082649,108,Mumbai Indians,1,170.015625,0.6352357320099256,"(0.609, 0.743]"
1082650,2017,Hyderabad,2017-05-21,Final,KH Pandya,"Rajiv Gandhi International Stadium, Uppal",Mumbai Indians,Rising Pune Supergiant,Mumbai Indians,bat,Mumbai Indians,runs,1.0,130.0,20.0,N,,NJ Llong,S Ravi,1082650,130,Rising Pune Supergiant,0,157.70833333333334,0.8243064729194187,"(0.743, 0.876]"
1136561,2018,Mumbai,2018-04-07,League,DJ Bravo,Wankhede Stadium,Mumbai Indians,Chennai Super Kings,Chennai Super Kings,field,Chennai Super Kings,wickets,1.0,166.0,20.0,N,,CB Gaffaney,A Nand Kishore,1136561,166,Chennai Super Kings,1,164.94736842105263,1.0063816209317167,"(0.876, 1.01]"
1136563,2018,Kolkata,2018-04-08,League,SP Narine,Eden Gardens,Royal Challengers Bangalore,Kolkata Knight Riders,Kolkata Knight Riders,field,Kolkata Knight Riders,wickets,4.0,177.0,20.0,N,,A Deshmukh,C Shamshuddin,1136563,177,Kolkata Knight Riders,1,155.08196721311475,1.1413319238900634,"(1.01, 1.143]"
1136566,2018,Jaipur,2018-04-11,League,SV Samson,Sawai Mansingh Stadium,Rajasthan Royals,Delhi Daredevils,Delhi Daredevils,field,Rajasthan Royals,runs,10.0,71.0,6.0,N,D/L,KN Ananthapadmanabhan,Nitin Menon,1136566,154,Delhi Daredevils,0,156.6969696969697,0.9827886288918972,"(0.876, 1.01]"
1136567,2018,Hyderabad,2018-04-12,League,Rashid Khan,Rajiv Gandhi International Stadium,Mumbai Indians,Sunrisers Hyderabad,Sunrisers Hyderabad,field,Sunrisers Hyderabad,wickets,1.0,148.0,20.0,N,,CK Nandan,NJ Llong,1136567,148,Sunrisers Hyderabad,1,126.0,1.1746031746031746,"(1.143, 1.277]"
1136568,2018,Bengaluru,2018-04-13,League,UT Yadav,M.Chinnaswamy Stadium,Kings XI Punjab,Royal Challengers Bangalore,Royal Challengers Bangalore,field,Royal Challengers Bangalore,wickets,4.0,156.0,20.0,N,,A Deshmukh,S Ravi,1136568,156,Royal Challengers Bangalore,1,158.0,0.9873417721518988,"(0.876, 1.01]"
1136569,2018,Mumbai,2018-04-14,League,JJ Roy,Wankhede Stadium,Mumbai Indians,Delhi Daredevils,Delhi Daredevils,field,Delhi Daredevils,wickets,7.0,195.0,20.0,N,,KN Ananthapadmanabhan,Nitin Menon,1136569,195,Delhi Daredevils,1,164.9655172413793,1.1820652173913044,"(1.143, 1.277]"
1136570,2018,Kolkata,2018-04-14,League,B Stanlake,Eden Gardens,Kolkata Knight Riders,Sunrisers Hyderabad,Sunrisers Hyderabad,field,Sunrisers Hyderabad,wickets,5.0,139.0,20.0,N,,AK Chaudhary,A Nand Kishore,1136570,139,Sunrisers Hyderabad,1,155.43548387096774,0.8942616996990764,"(0.876, 1.01]"
1136571,2018,Bengaluru,2018-04-15,League,SV Samson,M.Chinnaswamy Stadium,Rajasthan Royals,Royal Challengers Bangalore,Royal Challengers Bangalore,field,Rajasthan Royals,runs,19.0,218.0,20.0,N,,C Shamshuddin,S Ravi,1136571,218,Royal Challengers Bangalore,0,157.0,1.3885350318471337,"(1.277, 1.41]"
1136572,2018,Chandigarh,2018-04-15,League,CH Gayle,Punjab Cricket Association IS Bindra Stadium,Kings XI Punjab,Chennai Super Kings,Chennai Super Kings,field,Kings XI Punjab,runs,4.0,198.0,20.0,N,,CK Nandan,VA Kulkarni,1136572,198,Chennai Super Kings,0,167.0,1.18562874251497,"(1.143, 1.277]"
1136573,2018,Kolkata,2018-04-16,League,N Rana,Eden Gardens,Kolkata Knight Riders,Delhi Daredevils,Delhi Daredevils,field,Kolkata Knight Riders,runs,71.0,201.0,20.0,N,,AK Chaudhary,A Nand Kishore,1136573,201,Delhi Daredevils,0,155.17460317460316,1.2953150572831424,"(1.277, 1.41]"
1136574,2018,Mumbai,2018-04-17,League,RG Sharma,Wankhede Stadium,Mumbai Indians,Royal Challengers Bangalore,Royal Challengers Bangalore,field,Mumbai Indians,runs,46.0,214.0,20.0,N,,Nitin Menon,RJ Tucker,1136574,214,Royal Challengers Bangalore,0,165.47457627118644,1.293250025606883,"(1.277, 1.41]"
1136575,2018,Jaipur,2018-04-18,League,N Rana,Sawai Mansingh Stadium,Rajasthan Royals,Kolkata Knight Riders,Kolkata Knight Riders,field,Kolkata Knight Riders,wickets,7.0,161.0,20.0,N,,A Deshmukh,S Ravi,1136575,161,Kolkata Knight Riders,1,156.61764705882354,1.027981220657277,"(1.01, 1.143]"
1136576,2018,Chandigarh,2018-04-19,League,CH Gayle,Punjab Cricket Association IS Bindra Stadium,Kings XI Punjab,Sunrisers Hyderabad,Kings XI Punjab,bat,Kings XI Punjab,runs,15.0,194.0,20.0,N,,AK Chaudhary,NJ Llong,1136576,194,Sunrisers Hyderabad,0,182.5,1.063013698630137,"(1.01, 1.143]"
1136577,2018,Pune,2018-04-20,League,SR Watson,Maharashtra Cricket Association Stadium,Chennai Super Kings,Rajasthan Royals,Rajasthan Royals,field,Chennai Super Kings,runs,64.0,205.0,20.0,N,,KN Ananthapadmanabhan,Nitin Menon,1136577,205,Rajasthan Royals,0,164.625,1.2452543659832953,"(1.143, 1.277]"
1136578,2018,Kolkata,2018-04-21,League,KL Rahul,Eden Gardens,Kolkata Knight Riders,Kings XI Punjab,Kings XI Punjab,field,Kings XI Punjab,wickets,9.0,125.0,13.0,N,D/L,A Deshmukh,C Shamshuddin,1136578,192,Kings XI Punjab,1,155.890625,1.2316327553372757,"(1.143, 1.277]"
1136579,2018,Bengaluru,2018-04-21,League,AB de Villiers,M.Chinnaswamy Stadium,Delhi Daredevils,Royal Challengers Bangalore,Royal Challengers Bangalore,field,Royal Challengers Bangalore,wickets,6.0,175.0,20.0,N,,CB Gaffaney,CK Nandan,1136579,175,Royal Challengers Bangalore,1,177.33333333333334,0.9868421052631579,"(0.876, 1.01]"
1136580,2018,Hyderabad,2018-04-22,League,AT Rayudu,Rajiv Gandhi International Stadium,Chennai Super Kings,Sunrisers Hyderabad,Sunrisers Hyderabad,field,Chennai Super Kings,runs,4.0,183.0,20.0,N,,AK Chaudhary,VA Kulkarni,1136580,183,Sunrisers Hyderabad,0,137.0,1.3357664233576643,"(1.277, 1.41]"
1136581,2018,Jaipur,2018-04-22,League,JC Archer,Sawai Mansingh Stadium,Mumbai Indians,Rajasthan Royals,Mumbai Indians,bat,Rajasthan Royals,wickets,3.0,168.0,20.0,N,,KN Ananthapadmanabhan,RJ Tucker,1136581,168,Rajasthan Royals,1,156.74285714285713,1.071819176084579,"(1.01, 1.143]"
1136583,2018,Mumbai,2018-04-24,League,Rashid Khan,Wankhede Stadium,Sunrisers Hyderabad,Mumbai Indians,Mumbai Indians,field,Sunrisers Hyderabad,runs,31.0,119.0,20.0,N,,C Shamshuddin,S Ravi,1136583,119,Mumbai Indians,0,166.28333333333333,0.7156459857672647,"(0.609, 0.743]"
1136584,2018,Bengaluru,2018-04-25,League,MS Dhoni,M.Chinnaswamy Stadium,Royal Challengers Bangalore,Chennai Super Kings,Chennai Super Kings,field,Chennai Super Kings,wickets,5.0,206.0,20.0,N,,NJ Llong,VK Sharma,1136584,206,Chennai Super Kings,1,176.75,1.1654879773691655,"(1.143, 1.277]"
1136585,2018,Hyderabad,2018-04-26,League,AS Rajpoot,Rajiv Gandhi International Stadium,Sunrisers Hyderabad,Kings XI Punjab,Kings XI Punjab,field,Sunrisers Hyderabad,runs,13.0,133.0,20.0,N,,CK Nandan,YC Barde,1136585,133,Kings XI Punjab,0,152.33333333333334,0.8730853391684901,"(0.743, 0.876]"
1136586,2018,Delhi,2018-04-27,League,SS Iyer,Arun Jaitley Stadium,Delhi Daredevils,Kolkata Knight Riders,Kolkata Knight Riders,field,Delhi Daredevils,runs,55.0,220.0,20.0,N,,C Shamshuddin,S Ravi,1136586,220,Kolkata Knight Riders,0,144.0,1.5277777777777777,"(1.41, 1.544]"
1136587,2018,Pune,2018-04-28,League,RG Sharma,Maharashtra Cricket Association Stadium,Chennai Super Kings,Mumbai Indians,Mumbai Indians,field,Mumbai Indians,wickets,8.0,170.0,20.0,N,,CB Gaffaney,Nitin Menon,1136587,170,Mumbai Indians,1,167.0,1.0179640718562875,"(1.01, 1.143]"
1136588,2018,Jaipur,2018-04-29,League,KS Williamson,Sawai Mansingh Stadium,Sunrisers Hyderabad,Rajasthan Royals,Sunrisers Hyderabad,bat,Sunrisers Hyderabad,runs,11.0,152.0,20.0,N,,BNJ Oxenford,A Nand Kishore,1136588,152,Rajasthan Royals,0,157.05555555555554,0.9678103997170145,"(0.876, 1.01]"
1136589,2018,Bengaluru,2018-04-29,League,CA Lynn,M.Chinnaswamy Stadium,Royal Challengers Bangalore,Kolkata Knight Riders,Kolkata Knight Riders,field,Kolkata Knight Riders,wickets,6.0,176.0,20.0,N,,AK Chaudhary,NJ Llong,1136589,176,Kolkata Knight Riders,1,182.6,0.963855421686747,"(0.876, 1.01]"
1136590,2018,Pune,2018-04-30,League,SR Watson,Maharashtra Cricket Association Stadium,Chennai Super Kings,Delhi Daredevils,Delhi Daredevils,field,Chennai Super Kings,runs,13.0,212.0,20.0,N,,AY Dandekar,C Shamshuddin,1136590,212,Delhi Daredevils,0,167.16666666666666,1.268195413758724,"(1.143, 1.277]"
1136591,2018,Bengaluru,2018-05-01,League,TG Southee,M.Chinnaswamy Stadium,Royal Challengers Bangalore,Mumbai Indians,Mumbai Indians,field,Royal Challengers Bangalore,runs,14.0,168.0,20.0,N,,M Erasmus,Nitin Menon,1136591,168,Mumbai Indians,0,181.5,0.9256198347107438,"(0.876, 1.01]"
1136592,2018,Delhi,2018-05-02,League,RR Pant,Arun Jaitley Stadium,Delhi Daredevils,Rajasthan Royals,Rajasthan Royals,field,Delhi Daredevils,runs,4.0,151.0,12.0,N,D/L,CK Nandan,VK Sharma,1136592,197,Rajasthan Royals,0,182.0,1.0824175824175823,"(1.01, 1.143]"
1136593,2018,Kolkata,2018-05-03,League,SP Narine,Eden Gardens,Chennai Super Kings,Kolkata Knight Riders,Kolkata Knight Riders,field,Kolkata Knight Riders,wickets,6.0,178.0,20.0,N,,A Deshmukh,HDPK Dharmasena,1136593,178,Kolkata Knight Riders,1,156.44615384615383,1.1377716589635167,"(1.01, 1.143]"
1136594,2018,Indore,2018-05-04,League,SA Yadav,Holkar Cricket Stadium,Kings XI Punjab,Mumbai Indians,Mumbai Indians,field,Mumbai Indians,wickets,6.0,175.0,20.0,N,,AY Dandekar,S Ravi,1136594,175,Mumbai Indians,1,157.8,1.108998732572877,"(1.01, 1.143]"
1136595,2018,Pune,2018-05-05,League,RA Jadeja,Maharashtra Cricket Association Stadium,Royal Challengers Bangalore,Chennai Super Kings,Chennai Super Kings,field,Chennai Super Kings,wickets,6.0,128.0,20.0,N,,Nitin Menon,YC Barde,1136595,128,Chennai Super Kings,1,169.52631578947367,0.7550450170754425,"(0.743, 0.876]"
1136596,2018,Hyderabad,2018-05-05,League,Rashid Khan,Rajiv Gandhi International Stadium,Delhi Daredevils,Sunrisers Hyderabad,Delhi Daredevils,bat,Sunrisers Hyderabad,wickets,7.0,164.0,20.0,N,,BNJ Oxenford,CK Nandan,1136596,164,Sunrisers Hyderabad,1,147.5,1.111864406779661,"(1.01, 1.143]"
1136597,2018,Mumbai,2018-05-06,League,HH Pandya,Wankhede Stadium,Mumbai Indians,Kolkata Knight Riders,Kolkata Knight Riders,field,Mumbai Indians,runs,13.0,182.0,20.0,N,,A Deshmukh,HDPK Dharmasena,1136597,182,Kolkata Knight Riders,0,165.50819672131146,1.0996434231378764,"(1.01, 1.143]"
1136598,2018,Indore,2018-05-06,League,Mujeeb Ur Rahman,Holkar Cricket Stadium,Rajasthan Royals,Kings XI Punjab,Kings XI Punjab,field,Kings XI Punjab,wickets,6.0,153.0,20.0,N,,C Shamshuddin,S Ravi,1136598,153,Kings XI Punjab,1,160.66666666666666,0.9522821576763486,"(0.876, 1.01]"
1136599,2018,Hyderabad,2018-05-07,League,KS Williamson,Rajiv Gandhi International Stadium,Sunrisers Hyderabad,Royal Challengers Bangalore,Royal Challengers Bangalore,field,Sunrisers Hyderabad,runs,5.0,147.0,20.0,N,,BNJ Oxenford,VK Sharma,1136599,147,Royal Challengers Bangalore,0,150.8,0.9748010610079575,"(0.876, 1.01]"
1136600,2018,Jaipur,2018-05-08,League,JC Buttler,Sawai Mansingh Stadium,Rajasthan Royals,Kings XI Punjab,Rajasthan Royals,bat,Rajasthan Royals,runs,15.0,159.0,20.0,N,,M Erasmus,Nitin Menon,1136600,159,Kings XI Punjab,0,156.9189189189189,1.0132621426110922,"(1.01, 1.143]"
1136601,2018,Kolkata,2018-05-09,League,Ishan Kishan,Eden Gardens,Mumbai Indians,Kolkata Knight Riders,Kolkata Knight Riders,field,Mumbai Indians,runs,102.0,211.0,20.0,N,,KN Ananthapadmanabhan,AK Chaudhary,1136601,211,Kolkata Knight Riders,0,156.77272727272728,1.3458973615540735,"(1.277, 1.41]"
1136602,2018,Delhi,2018-05-10,League,S Dhawan,Arun Jaitley Stadium,Delhi Daredevils,Sunrisers Hyderabad,Delhi Daredevils,bat,Sunrisers Hyderabad,wickets,9.0,188.0,20.0,N,,AY Dandekar,C Shamshuddin,1136602,188,Sunrisers Hyderabad,1,187.0,1.0053475935828877,"(0.876, 1.01]"
1136603,2018,Jaipur,2018-05-11,League,JC Buttler,Sawai Mansingh Stadium,Chennai Super Kings,Rajasthan Royals,Chennai Super Kings,bat,Rajasthan Royals,wickets,4.0,177.0,20.0,N,,M Erasmus,YC Barde,1136603,177,Rajasthan Royals,1,156.97368421052633,1.127577535624476,"(1.01, 1.143]"
1136604,2018,Indore,2018-05-12,League,SP Narine,Holkar Cricket Stadium,Kolkata Knight Riders,Kings XI Punjab,Kings XI Punjab,field,Kolkata Knight Riders,runs,31.0,246.0,20.0,N,,CK Nandan,VK Sharma,1136604,246,Kings XI Punjab,0,159.57142857142858,1.541629364368845,"(1.41, 1.544]"
1136605,2018,Delhi,2018-05-12,League,AB de Villiers,Arun Jaitley Stadium,Delhi Daredevils,Royal Challengers Bangalore,Royal Challengers Bangalore,field,Royal Challengers Bangalore,wickets,5.0,182.0,20.0,N,,KN Ananthapadmanabhan,HDPK Dharmasena,1136605,182,Royal Challengers Bangalore,1,187.25,0.9719626168224299,"(0.876, 1.01]"
1136606,2018,Pune,2018-05-13,League,AT Rayudu,Maharashtra Cricket Association Stadium,Sunrisers Hyderabad,Chennai Super Kings,Chennai Super Kings,field,Chennai Super Kings,wickets,8.0,180.0,20.0,N,,M Erasmus,YC Barde,1136606,180,Chennai Super Kings,1,167.45,1.0749477455957004,"(1.01, 1.143]"
1136607,2018,Mumbai,2018-05-13,League,JC Buttler,Wankhede Stadium,Mumbai Indians,Rajasthan Royals,Rajasthan Royals,field,Rajasthan Royals,wickets,7.0,169.0,20.0,N,,Nitin Menon,S Ravi,1136607,169,Rajasthan Royals,1,165.7741935483871,1.019459038723487,"(1.01, 1.143]"
1136608,2018,Indore,2018-05-14,League,UT Yadav,Holkar Cricket Stadium,Kings XI Punjab,Royal Challengers Bangalore,Royal Challengers Bangalore,field,Royal Challengers Bangalore,wickets,10.0,89.0,20.0,N,,BNJ Oxenford,VK Sharma,1136608,89,Royal Challengers Bangalore,1,170.375,0.5223771093176816,"(0.476, 0.609]"
1136609,2018,Kolkata,2018-05-15,League,Kuldeep Yadav,Eden Gardens,Rajasthan Royals,Kolkata Knight Riders,Kolkata Knight Riders,field,Kolkata Knight Riders,wickets,6.0,143.0,20.0,N,,AK Chaudhary,HDPK Dharmasena,1136609,143,Kolkata Knight Riders,1,157.5820895522388,0.9074635347603712,"(0.876, 1.01]"
1136610,2018,Mumbai,2018-05-16,League,JJ Bumrah,Wankhede Stadium,Mumbai Indians,Kings XI Punjab,Kings XI Punjab,field,Mumbai Indians,runs,3.0,187.0,20.0,N,,M Erasmus,Nitin Menon,1136610,187,Kings XI Punjab,0,165.82539682539684,1.1276921604288312,"(1.01, 1.143]"
1136611,2018,Bengaluru,2018-05-17,League,AB de Villiers,M.Chinnaswamy Stadium,Royal Challengers Bangalore,Sunrisers Hyderabad,Sunrisers Hyderabad,field,Royal Challengers Bangalore,runs,14.0,219.0,20.0,N,,AY Dandekar,S Ravi,1136611,219,Sunrisers Hyderabad,0,179.57142857142858,1.2195704057279235,"(1.143, 1.277]"
1136612,2018,Delhi,2018-05-18,League,HV Patel,Arun Jaitley Stadium,Delhi Daredevils,Chennai Super Kings,Chennai Super Kings,field,Delhi Daredevils,runs,34.0,163.0,20.0,N,,HDPK Dharmasena,VA Kulkarni,1136612,163,Chennai Super Kings,0,186.2,0.8754027926960258,"(0.743, 0.876]"
1136613,2018,Jaipur,2018-05-19,League,S Gopal,Sawai Mansingh Stadium,Rajasthan Royals,Royal Challengers Bangalore,Rajasthan Royals,bat,Rajasthan Royals,runs,30.0,165.0,20.0,N,,BNJ Oxenford,VK Sharma,1136613,165,Royal Challengers Bangalore,0,157.48717948717947,1.047704330836861,"(1.01, 1.143]"
1136614,2018,Hyderabad,2018-05-19,League,CA Lynn,Rajiv Gandhi International Stadium,Sunrisers Hyderabad,Kolkata Knight Riders,Sunrisers Hyderabad,bat,Kolkata Knight Riders,wickets,5.0,173.0,20.0,N,,AK Chaudhary,S Ravi,1136614,173,Kolkata Knight Riders,1,150.16666666666666,1.1520532741398446,"(1.143, 1.277]"
1136615,2018,Delhi,2018-05-20,League,A Mishra,Arun Jaitley Stadium,Delhi Daredevils,Mumbai Indians,Delhi Daredevils,bat,Delhi Daredevils,runs,11.0,175.0,20.0,N,,HDPK Dharmasena,CK Nandan,1136615,175,Mumbai Indians,0,182.33333333333334,0.959780621572212,"(0.876, 1.01]"
1136616,2018,Pune,2018-05-20,League,L Ngidi,Maharashtra Cricket Association Stadium,Kings XI Punjab,Chennai Super Kings,Chennai Super Kings,field,Chennai Super Kings,wickets,5.0,154.0,20.0,N,,Nitin Menon,YC Barde,1136616,154,Chennai Super Kings,1,168.04761904761904,0.9164069141399831,"(0.876, 1.01]"
1136617,2018,Mumbai,2018-05-22,Qualifier 1,F du Plessis,Wankhede Stadium,Sunrisers Hyderabad,Chennai Super Kings,Chennai Super Kings,field,Chennai Super Kings,wickets,2.0,140.0,20.0,N,,C Shamshuddin,M Erasmus,1136617,140,Chennai Super Kings,1,166.15625,0.842580402482603,"(0.743, 0.876]"
1136618,2018,Kolkata,2018-05-23,Eliminator,AD Russell,Eden Gardens,Kolkata Knight Riders,Rajasthan Royals,Rajasthan Royals,field,Kolkata Knight Riders,runs,25.0,170.0,20.0,N,,AK Chaudhary,Nitin Menon,1136618,170,Rajasthan Royals,0,157.36764705882354,1.080272871694234,"(1.01, 1.143]"
1136619,2018,Kolkata,2018-05-25,Qualifier 2,Rashid Khan,Eden Gardens,Sunrisers Hyderabad,Kolkata Knight Riders,Kolkata Knight Riders,field,Sunrisers Hyderabad,runs,14.0,175.0,20.0,N,,HDPK Dharmasena,Nitin Menon,1136619,175,Kolkata Knight Riders,0,157.55072463768116,1.1107533805537668,"(1.01, 1.143]"
1136620,2018,Mumbai,2018-05-27,Final,SR Watson,Wankhede Stadium,Sunrisers Hyderabad,Chennai Super Kings,Chennai Super Kings,field,Chennai Super Kings,wickets,8.0,179.0,20.0,N,,M Erasmus,S Ravi,1136620,179,Chennai Super Kings,1,165.75384615384615,1.0799146092444774,"(1.01, 1.143]"
1175356,2019,Chennai,2019-03-23,League,Harbhajan Singh,MA Chidambaram Stadium,Royal Challengers Bangalore,Chennai Super Kings,Chennai Super Kings,field,Chennai Super Kings,wickets,7.0,71.0,20.0,N,,AY Dandekar,BNJ Oxenford,1175356,71,Chennai Super Kings,1,203.0,0.3497536945812808,"(0.341, 0.476]"
1175357,2019,Kolkata,2019-03-24,League,AD Russell,Eden Gardens,Sunrisers Hyderabad,Kolkata Knight Riders,Kolkata Knight Riders,field,Kolkata Knight Riders,wickets,6.0,182.0,20.0,N,,AK Chaudhary,CB Gaffaney,1175357,182,Kolkata Knight Riders,1,157.8,1.1533586818757922,"(1.143, 1.277]"
1175358,2019,Mumbai,2019-03-24,League,RR Pant,Wankhede Stadium,Delhi Capitals,Mumbai Indians,Mumbai Indians,field,Delhi Capitals,runs,37.0,214.0,20.0,N,,S Ravi,YC Barde,1175358,214,Mumbai Indians,0,165.95454545454547,1.289509723363462,"(1.277, 1.41]"
1175359,2019,Jaipur,2019-03-25,League,CH Gayle,Sawai Mansingh Stadium,Kings XI Punjab,Rajasthan Royals,Rajasthan Royals,field,Kings XI Punjab,runs,14.0,185.0,20.0,N,,C Shamshuddin,KN Ananthapadmanabhan,1175359,185,Rajasthan Royals,0,157.675,1.1732995084826383,"(1.143, 1.277]"
1175360,2019,Delhi,2019-03-26,League,SR Watson,Arun Jaitley Stadium,Delhi Capitals,Chennai Super Kings,Delhi Capitals,bat,Chennai Super Kings,wickets,6.0,148.0,20.0,N,,M Erasmus,Nitin Menon,1175360,148,Chennai Super Kings,1,181.28571428571428,0.8163908589440505,"(0.743, 0.876]"
1175361,2019,Kolkata,2019-03-27,League,AD Russell,Eden Gardens,Kolkata Knight Riders,Kings XI Punjab,Kings XI Punjab,field,Kolkata Knight Riders,runs,28.0,219.0,20.0,N,,AK Chaudhary,VA Kulkarni,1175361,219,Kings XI Punjab,0,158.14084507042253,1.3848414677591736,"(1.277, 1.41]"
1175362,2019,Bengaluru,2019-03-28,League,JJ Bumrah,M.Chinnaswamy Stadium,Mumbai Indians,Royal Challengers Bangalore,Royal Challengers Bangalore,field,Mumbai Indians,runs,6.0,188.0,20.0,N,,CK Nandan,S Ravi,1175362,188,Royal Challengers Bangalore,0,184.5,1.018970189701897,"(1.01, 1.143]"
1175363,2019,Hyderabad,2019-03-29,League,Rashid Khan,Rajiv Gandhi International Stadium,Rajasthan Royals,Sunrisers Hyderabad,Rajasthan Royals,bat,Sunrisers Hyderabad,wickets,5.0,199.0,20.0,N,,BNJ Oxenford,C Shamshuddin,1175363,199,Sunrisers Hyderabad,1,153.42857142857142,1.2970204841713222,"(1.277, 1.41]"
1175364,2019,Chandigarh,2019-03-30,League,MA Agarwal,Punjab Cricket Association IS Bindra Stadium,Mumbai Indians,Kings XI Punjab,Kings XI Punjab,field,Kings XI Punjab,wickets,8.0,177.0,20.0,N,,CB Gaffaney,VA Kulkarni,1175364,177,Kings XI Punjab,1,186.33333333333334,0.9499105545617174,"(0.876, 1.01]"
1175365,2019,Delhi,2019-03-30,League,PP Shaw,Arun Jaitley Stadium,Kolkata Knight Riders,Delhi Capitals,Delhi Capitals,field,Delhi Capitals,tie,,186.0,20.0,Y,,AY Dandekar,Nitin Menon,1175365,186,Delhi Capitals,1,177.125,1.050105857445307,"(1.01, 1.143]"
1175366,2019,Hyderabad,2019-03-31,League,JM Bairstow,Rajiv Gandhi International Stadium,Sunrisers Hyderabad,Royal Challengers Bangalore,Royal Challengers Bangalore,field,Sunrisers Hyderabad,runs,118.0,232.0,20.0,N,,KN Ananthapadmanabhan,S Ravi,1175366,232,Royal Challengers Bangalore,0,159.125,1.4579732914375492,"(1.41, 1.544]"
1175367,2019,Chennai,2019-03-31,League,MS Dhoni,MA Chidambaram Stadium,Chennai Super Kings,Rajasthan Royals,Rajasthan Royals,field,Chennai Super Kings,runs,8.0,176.0,20.0,N,,CK Nandan,YC Barde,1175367,176,Rajasthan Royals,0,137.0,1.2846715328467153,"(1.277, 1.41]"
1175368,2019,Chandigarh,2019-04-01,League,SM Curran,Punjab Cricket Association IS Bindra Stadium,Kings XI Punjab,Delhi Capitals,Delhi Capitals,field,Kings XI Punjab,runs,14.0,167.0,20.0,N,,AK Chaudhary,CB Gaffaney,1175368,167,Delhi Capitals,0,184.0,0.907608695652174,"(0.876, 1.01]"
1175369,2019,Jaipur,2019-04-02,League,S Gopal,Sawai Mansingh Stadium,Royal Challengers Bangalore,Rajasthan Royals,Rajasthan Royals,field,Rajasthan Royals,wickets,7.0,159.0,20.0,N,,AY Dandekar,M Erasmus,1175369,159,Rajasthan Royals,1,158.34146341463415,1.0041589648798521,"(0.876, 1.01]"
1175370,2019,Mumbai,2019-04-03,League,HH Pandya,Wankhede Stadium,Mumbai Indians,Chennai Super Kings,Chennai Super Kings,field,Mumbai Indians,runs,37.0,171.0,20.0,N,,BNJ Oxenford,RJ Tucker,1175370,171,Chennai Super Kings,0,166.67164179104478,1.0259693740485358,"(1.01, 1.143]"
1175371,2019,Delhi,2019-04-04,League,JM Bairstow,Arun Jaitley Stadium,Delhi Capitals,Sunrisers Hyderabad,Sunrisers Hyderabad,field,Sunrisers Hyderabad,wickets,5.0,130.0,20.0,N,,C Shamshuddin,KN Ananthapadmanabhan,1175371,130,Sunrisers Hyderabad,1,178.11111111111111,0.7298814722395508,"(0.609, 0.743]"
1175372,2019,Bengaluru,2019-04-05,League,AD Russell,M.Chinnaswamy Stadium,Royal Challengers Bangalore,Kolkata Knight Riders,Kolkata Knight Riders,field,Kolkata Knight Riders,wickets,5.0,206.0,20.0,N,,AK Chaudhary,CB Gaffaney,1175372,206,Kolkata Knight Riders,1,184.88888888888889,1.1141826923076923,"(1.01, 1.143]"
1178393,2019,Chennai,2019-04-06,League,Harbhajan Singh,MA Chidambaram Stadium,Chennai Super Kings,Kings XI Punjab,Chennai Super Kings,bat,Chennai Super Kings,runs,22.0,161.0,20.0,N,,KN Ananthapadmanabhan,RJ Tucker,1178393,161,Kings XI Punjab,0,150.0,1.0733333333333333,"(1.01, 1.143]"
1178394,2019,Hyderabad,2019-04-06,League,AS Joseph,Rajiv Gandhi International Stadium,Mumbai Indians,Sunrisers Hyderabad,Sunrisers Hyderabad,field,Mumbai Indians,runs,40.0,137.0,20.0,N,,AY Dandekar,Nitin Menon,1178394,137,Sunrisers Hyderabad,0,167.22222222222223,0.8192691029900332,"(0.743, 0.876]"
1178395,2019,Bengaluru,2019-04-07,League,K Rabada,M.Chinnaswamy Stadium,Royal Challengers Bangalore,Delhi Capitals,Delhi Capitals,field,Delhi Capitals,wickets,4.0,150.0,20.0,N,,S Ravi,YC Barde,1178395,150,Delhi Capitals,1,187.0,0.8021390374331551,"(0.743, 0.876]"
1178396,2019,Jaipur,2019-04-07,League,HF Gurney,Sawai Mansingh Stadium,Rajasthan Royals,Kolkata Knight Riders,Kolkata Knight Riders,field,Kolkata Knight Riders,wickets,8.0,140.0,20.0,N,,AK Chaudhary,CB Gaffaney,1178396,140,Kolkata Knight Riders,1,158.35714285714286,0.8840775823184484,"(0.876, 1.01]"
1178397,2019,Chandigarh,2019-04-08,League,KL Rahul,Punjab Cricket Association IS Bindra Stadium,Sunrisers Hyderabad,Kings XI Punjab,Kings XI Punjab,field,Kings XI Punjab,wickets,6.0,151.0,20.0,N,,AY Dandekar,M Erasmus,1178397,151,Kings XI Punjab,1,180.6,0.8361018826135106,"(0.743, 0.876]"
1178398,2019,Chennai,2019-04-09,League,DL Chahar,MA Chidambaram Stadium,Kolkata Knight Riders,Chennai Super Kings,Chennai Super Kings,field,Chennai Super Kings,wickets,7.0,109.0,20.0,N,,C Shamshuddin,RJ Tucker,1178398,109,Chennai Super Kings,1,152.75,0.7135842880523732,"(0.609, 0.743]"
1178399,2019,Mumbai,2019-04-10,League,KA Pollard,Wankhede Stadium,Kings XI Punjab,Mumbai Indians,Mumbai Indians,field,Mumbai Indians,wickets,3.0,198.0,20.0,N,,S Ravi,YC Barde,1178399,198,Mumbai Indians,1,166.73529411764707,1.1875110248721115,"(1.143, 1.277]"
1178400,2019,Jaipur,2019-04-11,League,MS Dhoni,Sawai Mansingh Stadium,Rajasthan Royals,Chennai Super Kings,Chennai Super Kings,field,Chennai Super Kings,wickets,4.0,152.0,20.0,N,,BNJ Oxenford,UV Gandhe,1178400,152,Chennai Super Kings,1,157.93023255813952,0.9624503018701223,"(0.876, 1.01]"
1178401,2019,Kolkata,2019-04-12,League,S Dhawan,Eden Gardens,Kolkata Knight Riders,Delhi Capitals,Delhi Capitals,field,Delhi Capitals,wickets,7.0,179.0,20.0,N,,CK Nandan,YC Barde,1178401,179,Delhi Capitals,1,158.98611111111111,1.1258845112256486,"(1.01, 1.143]"
1178402,2019,Mumbai,2019-04-13,League,JC Buttler,Wankhede Stadium,Mumbai Indians,Rajasthan Royals,Rajasthan Royals,field,Rajasthan Royals,wickets,4.0,188.0,20.0,N,,A Nand Kishore,Nitin Menon,1178402,188,Rajasthan Royals,1,167.18840579710144,1.124479889042996,"(1.01, 1.143]"
1178403,2019,Chandigarh,2019-04-13,League,AB de Villiers,Punjab Cricket Association IS Bindra Stadium,Kings XI Punjab,Royal Challengers Bangalore,Royal Challengers Bangalore,field,Royal Challengers Bangalore,wickets,8.0,174.0,20.0,N,,S Ravi,UV Gandhe,1178403,174,Royal Challengers Bangalore,1,175.66666666666666,0.9905123339658445,"(0.876, 1.01]"
1178404,2019,Kolkata,2019-04-14,League,Imran Tahir,Eden Gardens,Kolkata Knight Riders,Chennai Super Kings,Chennai Super Kings,field,Chennai Super Kings,wickets,5.0,162.0,20.0,N,,CK Nandan,RJ Tucker,1178404,162,Chennai Super Kings,1,159.26027397260273,1.0172028212626871,"(1.01, 1.143]"
1178405,2019,Hyderabad,2019-04-14,League,KMA Paul,Rajiv Gandhi International Stadium,Delhi Capitals,Sunrisers Hyderabad,Sunrisers Hyderabad,field,Delhi Capitals,runs,39.0,156.0,20.0,N,,AK Chaudhary,BNJ Oxenford,1178405,156,Sunrisers Hyderabad,0,164.2,0.9500609013398296,"(0.876, 1.01]"
1178406,2019,Mumbai,2019-04-15,League,SL Malinga,Wankhede Stadium,Royal Challengers Bangalore,Mumbai Indians,Mumbai Indians,field,Mumbai Indians,wickets,5.0,172.0,20.0,N,,M Erasmus,Nitin Menon,1178406,172,Mumbai Indians,1,167.4857142857143,1.0269532582736267,"(1.01, 1.143]"
1178407,2019,Chandigarh,2019-04-16,League,R Ashwin,Punjab Cricket Association IS Bindra Stadium,Kings XI Punjab,Rajasthan Royals,Rajasthan Royals,field,Kings XI Punjab,runs,12.0,183.0,20.0,N,,AK Chaudhary,VA Kulkarni,1178407,183,Rajasthan Royals,0,175.42857142857142,1.0431596091205213,"(1.01, 1.143]"
1178408,2019,Hyderabad,2019-04-17,League,DA Warner,Rajiv Gandhi International Stadium,Chennai Super Kings,Sunrisers Hyderabad,Chennai Super Kings,bat,Sunrisers Hyderabad,wickets,6.0,133.0,20.0,N,,IJ Gould,UV Gandhe,1178408,133,Sunrisers Hyderabad,1,163.45454545454547,0.8136818687430478,"(0.743, 0.876]"
1178409,2019,Delhi,2019-04-18,League,HH Pandya,Arun Jaitley Stadium,Mumbai Indians,Delhi Capitals,Mumbai Indians,bat,Mumbai Indians,runs,40.0,169.0,20.0,N,,BNJ Oxenford,NJ Llong,1178409,169,Delhi Capitals,0,173.3,0.9751875360646277,"(0.876, 1.01]"
1178410,2019,Kolkata,2019-04-19,League,V Kohli,Eden Gardens,Royal Challengers Bangalore,Kolkata Knight Riders,Kolkata Knight Riders,field,Royal Challengers Bangalore,runs,10.0,214.0,20.0,N,,IJ Gould,Nitin Menon,1178410,214,Kolkata Knight Riders,0,159.2972972972973,1.3434000678656262,"(1.277, 1.41]"
1178411,2019,Jaipur,2019-04-20,League,SPD Smith,Sawai Mansingh Stadium,Mumbai Indians,Rajasthan Royals,Rajasthan Royals,field,Rajasthan Royals,wickets,5.0,162.0,20.0,N,,S Ravi,YC Barde,1178411,162,Rajasthan Royals,1,157.79545454545453,1.026645542272793,"(1.01, 1.143]"
1178412,2019,Delhi,2019-04-20,League,SS Iyer,Arun Jaitley Stadium,Kings XI Punjab,Delhi Capitals,Delhi Capitals,field,Delhi Capitals,wickets,5.0,164.0,20.0,N,,C Shamshuddin,UV Gandhe,1178412,164,Delhi Capitals,1,172.9090909090909,0.9484752891692955,"(0.876, 1.01]"
1178413,2019,Hyderabad,2019-04-21,League,KK Ahmed,Rajiv Gandhi International Stadium,Kolkata Knight Riders,Sunrisers Hyderabad,Sunrisers Hyderabad,field,Sunrisers Hyderabad,wickets,9.0,160.0,20.0,N,,NJ Llong,Nitin Menon,1178413,160,Sunrisers Hyderabad,1,160.91666666666666,0.9943034697048162,"(0.876, 1.01]"
1178414,2019,Bengaluru,2019-04-21,League,PA Patel,M.Chinnaswamy Stadium,Royal Challengers Bangalore,Chennai Super Kings,Chennai Super Kings,field,Royal Challengers Bangalore,runs,1.0,162.0,20.0,N,,RJ Tucker,VA Kulkarni,1178414,162,Chennai Super Kings,0,183.63636363636363,0.8821782178217822,"(0.876, 1.01]"
1178415,2019,Jaipur,2019-04-22,League,RR Pant,Sawai Mansingh Stadium,Rajasthan Royals,Delhi Capitals,Delhi Capitals,field,Delhi Capitals,wickets,6.0,192.0,20.0,N,,A Nand Kishore,S Ravi,1178415,192,Delhi Capitals,1,157.88888888888889,1.2160450387051374,"(1.143, 1.277]"
1178416,2019,Chennai,2019-04-23,League,SR Watson,MA Chidambaram Stadium,Sunrisers Hyderabad,Chennai Super Kings,Chennai Super Kings,field,Chennai Super Kings,wickets,6.0,176.0,20.0,N,,AK Chaudhary,NJ Llong,1178416,176,Chennai Super Kings,1,144.0,1.2222222222222223,"(1.143, 1.277]"
1178417,2019,Bengaluru,2019-04-24,League,AB de Villiers,M.Chinnaswamy Stadium,Royal Challengers Bangalore,Kings XI Punjab,Kings XI Punjab,field,Royal Challengers Bangalore,runs,17.0,203.0,20.0,N,,BNJ Oxenford,C Shamshuddin,1178417,203,Kings XI Punjab,0,181.83333333333334,1.1164069660861595,"(1.01, 1.143]"
1178418,2019,Kolkata,2019-04-25,League,VR Aaron,Eden Gardens,Kolkata Knight Riders,Rajasthan Royals,Rajasthan Royals,field,Rajasthan Royals,wickets,3.0,176.0,20.0,N,,AY Dandekar,IJ Gould,1178418,176,Rajasthan Royals,1,160.02666666666667,1.0998166972171304,"(1.01, 1.143]"
1178419,2019,Chennai,2019-04-26,League,RG Sharma,MA Chidambaram Stadium,Mumbai Indians,Chennai Super Kings,Chennai Super Kings,field,Mumbai Indians,runs,46.0,156.0,20.0,N,,AK Chaudhary,NJ Llong,1178419,156,Chennai Super Kings,0,149.33333333333334,1.044642857142857,"(1.01, 1.143]"
1178420,2019,Jaipur,2019-04-27,League,JD Unadkat,Sawai Mansingh Stadium,Sunrisers Hyderabad,Rajasthan Royals,Rajasthan Royals,field,Rajasthan Royals,wickets,7.0,161.0,20.0,N,,A Nand Kishore,YC Barde,1178420,161,Rajasthan Royals,1,158.6304347826087,1.014937645607784,"(1.01, 1.143]"
1178421,2019,Delhi,2019-04-28,League,S Dhawan,Arun Jaitley Stadium,Delhi Capitals,Royal Challengers Bangalore,Delhi Capitals,bat,Delhi Capitals,runs,16.0,188.0,20.0,N,,BNJ Oxenford,KN Ananthapadmanabhan,1178421,188,Royal Challengers Bangalore,0,172.16666666666666,1.0919651500484027,"(1.01, 1.143]"
1178422,2019,Kolkata,2019-04-28,League,AD Russell,Eden Gardens,Kolkata Knight Riders,Mumbai Indians,Mumbai Indians,field,Kolkata Knight Riders,runs,34.0,233.0,20.0,N,,IJ Gould,Nitin Menon,1178422,233,Mumbai Indians,0,160.23684210526315,1.454097552964362,"(1.41, 1.544]"
1178423,2019,Hyderabad,2019-04-29,League,DA Warner,Rajiv Gandhi International Stadium,Sunrisers Hyderabad,Kings XI Punjab,Kings XI Punjab,field,Sunrisers Hyderabad,runs,45.0,213.0,20.0,N,,CK Nandan,S Ravi,1178423,213,Kings XI Punjab,0,160.84615384615384,1.3242467718794835,"(1.277, 1.41]"
1178424,2019,Bengaluru,2019-04-30,League,,M.Chinnaswamy Stadium,Royal Challengers Bangalore,Rajasthan Royals,Rajasthan Royals,field,,no result,,63.0,5.0,N,,NJ Llong,UV Gandhe,1178424,63,Rajasthan Royals,0,183.46153846153845,0.3433962264150944,"(0.341, 0.476]"
1178425,2019,Chennai,2019-05-01,League,MS Dhoni,MA Chidambaram Stadium,Chennai Super Kings,Delhi Capitals,Delhi Capitals,field,Chennai Super Kings,runs,80.0,180.0,20.0,N,,AY Dandekar,Nitin Menon,1178425,180,Delhi Capitals,0,150.28571428571428,1.1977186311787074,"(1.143, 1.277]"
1178426,2019,Mumbai,2019-05-02,League,JJ Bumrah,Wankhede Stadium,Mumbai Indians,Sunrisers Hyderabad,Mumbai Indians,bat,Mumbai Indians,tie,,163.0,20.0,Y,,CK Nandan,S Ravi,1178426,163,Sunrisers Hyderabad,0,167.54929577464787,0.972848016139879,"(0.876, 1.01]"
1178427,2019,Chandigarh,2019-05-03,League,Shubman Gill,Punjab Cricket Association IS Bindra Stadium,Kings XI Punjab,Kolkata Knight Riders,Kolkata Knight Riders,field,Kolkata Knight Riders,wickets,7.0,184.0,20.0,N,,BNJ Oxenford,C Shamshuddin,1178427,184,Kolkata Knight Riders,1,176.375,1.0432317505315378,"(1.01, 1.143]"
1178428,2019,Delhi,2019-05-04,League,A Mishra,Arun Jaitley Stadium,Rajasthan Royals,Delhi Capitals,Rajasthan Royals,bat,Delhi Capitals,wickets,5.0,116.0,20.0,N,,AY Dandekar,IJ Gould,1178428,116,Delhi Capitals,1,173.3846153846154,0.6690328305235137,"(0.609, 0.743]"
1178429,2019,Bengaluru,2019-05-04,League,SO Hetmyer,M.Chinnaswamy Stadium,Sunrisers Hyderabad,Royal Challengers Bangalore,Royal Challengers Bangalore,field,Royal Challengers Bangalore,wickets,4.0,176.0,20.0,N,,AK Chaudhary,NJ Llong,1178429,176,Royal Challengers Bangalore,1,174.85714285714286,1.0065359477124183,"(0.876, 1.01]"
1178430,2019,Chandigarh,2019-05-05,League,KL Rahul,Punjab Cricket Association IS Bindra Stadium,Chennai Super Kings,Kings XI Punjab,Kings XI Punjab,field,Kings XI Punjab,wickets,6.0,171.0,20.0,N,,C Shamshuddin,KN Ananthapadmanabhan,1178430,171,Kings XI Punjab,1,177.22222222222223,0.9648902821316614,"(0.876, 1.01]"
1178431,2019,Mumbai,2019-05-05,League,HH Pandya,Wankhede Stadium,Kolkata Knight Riders,Mumbai Indians,Mumbai Indians,field,Mumbai Indians,wickets,9.0,134.0,20.0,N,,A Nand Kishore,CK Nandan,1178431,134,Mumbai Indians,1,167.48611111111111,0.8000663404925782,"(0.743, 0.876]"
1181764,2019,Chennai,2019-05-07,Qualifier 1,SA Yadav,MA Chidambaram Stadium,Chennai Super Kings,Mumbai Indians,Chennai Super Kings,bat,Mumbai Indians,wickets,6.0,132.0,20.0,N,,NJ Llong,Nitin Menon,1181764,132,Mumbai Indians,1,154.0,0.8571428571428571,"(0.743, 0.876]"
1181766,2019,Visakhapatnam,2019-05-08,Eliminator,RR Pant,Dr. Y.S. Rajasekhara Reddy ACA-VDCA Cricket Stadium,Sunrisers Hyderabad,Delhi Capitals,Delhi Capitals,field,Delhi Capitals,wickets,2.0,163.0,20.0,N,,BNJ Oxenford,S Ravi,1181766,163,Delhi Capitals,1,159.0,1.0251572327044025,"(1.01, 1.143]"
1181767,2019,Visakhapatnam,2019-05-10,Qualifier 2,F du Plessis,Dr. Y.S. Rajasekhara Reddy ACA-VDCA Cricket Stadium,Delhi Capitals,Chennai Super Kings,Chennai Super Kings,field,Chennai Super Kings,wickets,6.0,148.0,20.0,N,,BNJ Oxenford,S Ravi,1181767,148,Chennai Super Kings,1,159.33333333333334,0.9288702928870293,"(0.876, 1.01]"
1181768,2019,Hyderabad,2019-05-12,Final,JJ Bumrah,Rajiv Gandhi International Stadium,Mumbai Indians,Chennai Super Kings,Mumbai Indians,bat,Mumbai Indians,runs,1.0,150.0,20.0,N,,IJ Gould,Nitin Menon,1181768,150,Chennai Super Kings,0,164.57142857142858,0.9114583333333333,"(0.876, 1.01]"
1216492,2020/21,Abu Dhabi,2020-09-19,League,AT Rayudu,Sheikh Zayed Stadium,Mumbai Indians,Chennai Super Kings,Chennai Super Kings,field,Chennai Super Kings,wickets,5.0,163.0,20.0,N,,CB Gaffaney,VK Sharma,1216492,163,Chennai Super Kings,1,148.42857142857142,1.0981713185755535,"(1.01, 1.143]"
1216493,2020/21,,2020-09-20,League,MP Stoinis,Dubai International Cricket Stadium,Delhi Capitals,Kings XI Punjab,Kings XI Punjab,field,Delhi Capitals,tie,,158.0,20.0,Y,,AK Chaudhary,Nitin Menon,1216493,158,Kings XI Punjab,0,149.85714285714286,1.0543374642516683,"(1.01, 1.143]"
1216534,2020/21,,2020-09-21,League,YS Chahal,Dubai International Cricket Stadium,Royal Challengers Bangalore,Sunrisers Hyderabad,Sunrisers Hyderabad,field,Royal Challengers Bangalore,runs,10.0,164.0,20.0,N,,AY Dandekar,Nitin Menon,1216534,164,Sunrisers Hyderabad,0,150.875,1.0869925434962717,"(1.01, 1.143]"
1216496,2020/21,,2020-09-22,League,SV Samson,Sharjah Cricket Stadium,Rajasthan Royals,Chennai Super Kings,Chennai Super Kings,field,Rajasthan Royals,runs,16.0,217.0,20.0,N,,C Shamshuddin,VA Kulkarni,1216496,217,Chennai Super Kings,0,159.16666666666666,1.3633507853403142,"(1.277, 1.41]"
1216508,2020/21,Abu Dhabi,2020-09-23,League,RG Sharma,Sheikh Zayed Stadium,Mumbai Indians,Kolkata Knight Riders,Kolkata Knight Riders,field,Mumbai Indians,runs,49.0,196.0,20.0,N,,CB Gaffaney,S Ravi,1216508,196,Kolkata Knight Riders,0,150.25,1.3044925124792013,"(1.277, 1.41]"
1216510,2020/21,,2020-09-24,League,KL Rahul,Dubai International Cricket Stadium,Kings XI Punjab,Royal Challengers Bangalore,Royal Challengers Bangalore,field,Kings XI Punjab,runs,97.0,207.0,20.0,N,,AK Chaudhary,PR Reiffel,1216510,207,Royal Challengers Bangalore,0,152.33333333333334,1.3588621444201312,"(1.277, 1.41]"
1216539,2020/21,,2020-09-25,League,PP Shaw,Dubai International Cricket Stadium,Delhi Capitals,Chennai Super Kings,Chennai Super Kings,field,Delhi Capitals,runs,44.0,176.0,20.0,N,,KN Ananthapadmanabhan,RK Illingworth,1216539,176,Chennai Super Kings,0,157.8,1.1153358681875791,"(1.01, 1.143]"
1216545,2020/21,Abu Dhabi,2020-09-26,League,Shubman Gill,Sheikh Zayed Stadium,Sunrisers Hyderabad,Kolkata Knight Riders,Sunrisers Hyderabad,bat,Kolkata Knight Riders,wickets,7.0,143.0,20.0,N,,CB Gaffaney,VK Sharma,1216545,143,Kolkata Knight Riders,1,155.33333333333334,0.9206008583690987,"(0.876, 1.01]"
1216527,2020/21,,2020-09-27,League,SV Samson,Sharjah Cricket Stadium,Kings XI Punjab,Rajasthan Royals,Rajasthan Royals,field,Rajasthan Royals,wickets,4.0,224.0,20.0,N,,RK Illingworth,K Srinivasan,1216527,224,Rajasthan Royals,1,167.42857142857142,1.3378839590443687,"(1.277, 1.41]"
1216547,2020/21,,2020-09-28,League,AB de Villiers,Dubai International Cricket Stadium,Royal Challengers Bangalore,Mumbai Indians,Mumbai Indians,field,Royal Challengers Bangalore,tie,,202.0,20.0,Y,,Nitin Menon,PR Reiffel,1216547,202,Mumbai Indians,0,159.45454545454547,1.266818700114025,"(1.143, 1.277]"
1216532,2020/21,Abu Dhabi,2020-09-29,League,Rashid Khan,Sheikh Zayed Stadium,Sunrisers Hyderabad,Delhi Capitals,Delhi Capitals,field,Sunrisers Hyderabad,runs,15.0,163.0,20.0,N,,VK Sharma,S Ravi,1216532,163,Delhi Capitals,0,154.1,1.0577547047371836,"(1.01, 1.143]"
1216504,2020/21,,2020-09-30,League,Shivam Mavi,Dubai International Cricket Stadium,Kolkata Knight Riders,Rajasthan Royals,Rajasthan Royals,field,Kolkata Knight Riders,runs,37.0,175.0,20.0,N,,KN Ananthapadmanabhan,C Shamshuddin,1216504,175,Rajasthan Royals,0,163.0,1.0736196319018405,"(1.01, 1.143]"
1216503,2020/21,Abu Dhabi,2020-10-01,League,KA Pollard,Sheikh Zayed Stadium,Mumbai Indians,Kings XI Punjab,Kings XI Punjab,field,Mumbai Indians,runs,48.0,192.0,20.0,N,,VK Sharma,S Ravi,1216503,192,Kings XI Punjab,0,154.9090909090909,1.23943661971831,"(1.143, 1.277]"
1216516,2020/21,,2020-10-02,League,PK Garg,Dubai International Cricket Stadium,Sunrisers Hyderabad,Chennai Super Kings,Sunrisers Hyderabad,bat,Sunrisers Hyderabad,runs,7.0,165.0,20.0,N,,AK Chaudhary,PR Reiffel,1216516,165,Chennai Super Kings,0,163.92307692307693,1.006569685593618,"(0.876, 1.01]"
1216514,2020/21,Abu Dhabi,2020-10-03,League,YS Chahal,Sheikh Zayed Stadium,Rajasthan Royals,Royal Challengers Bangalore,Rajasthan Royals,bat,Royal Challengers Bangalore,wickets,8.0,155.0,20.0,N,,CB Gaffaney,S Ravi,1216514,155,Royal Challengers Bangalore,1,158.0,0.9810126582278481,"(0.876, 1.01]"
1216515,2020/21,,2020-10-03,League,SS Iyer,Sharjah Cricket Stadium,Delhi Capitals,Kolkata Knight Riders,Kolkata Knight Riders,field,Delhi Capitals,runs,18.0,229.0,20.0,N,,VA Kulkarni,RK Illingworth,1216515,229,Kolkata Knight Riders,0,174.5,1.3123209169054442,"(1.277, 1.41]"
1216513,2020/21,,2020-10-04,League,SR Watson,Dubai International Cricket Stadium,Kings XI Punjab,Chennai Super Kings,Kings XI Punjab,bat,Chennai Super Kings,wickets,10.0,179.0,20.0,N,,AY Dandekar,Nitin Menon,1216513,179,Chennai Super Kings,1,164.0,1.0914634146341464,"(1.01, 1.143]"
1216538,2020/21,,2020-10-04,League,TA Boult,Sharjah Cricket Stadium,Mumbai Indians,Sunrisers Hyderabad,Mumbai Indians,bat,Mumbai Indians,runs,34.0,209.0,20.0,N,,KN Ananthapadmanabhan,RK Illingworth,1216538,209,Sunrisers Hyderabad,0,180.55555555555554,1.1575384615384616,"(1.143, 1.277]"
1216519,2020/21,,2020-10-05,League,AR Patel,Dubai International Cricket Stadium,Delhi Capitals,Royal Challengers Bangalore,Royal Challengers Bangalore,field,Delhi Capitals,runs,59.0,197.0,20.0,N,,Nitin Menon,YC Barde,1216519,197,Royal Challengers Bangalore,0,165.0,1.1939393939393939,"(1.143, 1.277]"
1216511,2020/21,Abu Dhabi,2020-10-06,League,SA Yadav,Sheikh Zayed Stadium,Mumbai Indians,Rajasthan Royals,Mumbai Indians,bat,Mumbai Indians,runs,57.0,194.0,20.0,N,,VK Sharma,S Ravi,1216511,194,Rajasthan Royals,0,157.76923076923077,1.2296440760604583,"(1.143, 1.277]"
1216501,2020/21,Abu Dhabi,2020-10-07,League,RA Tripathi,Sheikh Zayed Stadium,Kolkata Knight Riders,Chennai Super Kings,Kolkata Knight Riders,bat,Kolkata Knight Riders,runs,10.0,168.0,20.0,N,,KN Ananthapadmanabhan,RK Illingworth,1216501,168,Chennai Super Kings,0,160.35714285714286,1.0476614699331848,"(1.01, 1.143]"
1216542,2020/21,,2020-10-08,League,JM Bairstow,Dubai International Cricket Stadium,Sunrisers Hyderabad,Kings XI Punjab,Sunrisers Hyderabad,bat,Sunrisers Hyderabad,runs,69.0,202.0,20.0,N,,AK Chaudhary,Nitin Menon,1216542,202,Kings XI Punjab,0,167.0,1.2095808383233533,"(1.143, 1.277]"
1216500,2020/21,,2020-10-09,League,R Ashwin,Sharjah Cricket Stadium,Delhi Capitals,Rajasthan Royals,Rajasthan Royals,field,Delhi Capitals,runs,46.0,185.0,20.0,N,,KN Ananthapadmanabhan,C Shamshuddin,1216500,185,Rajasthan Royals,0,183.4,1.0087241003271536,"(0.876, 1.01]"
1216523,2020/21,Abu Dhabi,2020-10-10,League,KD Karthik,Sheikh Zayed Stadium,Kolkata Knight Riders,Kings XI Punjab,Kolkata Knight Riders,bat,Kolkata Knight Riders,runs,2.0,165.0,20.0,N,,UV Gandhe,CB Gaffaney,1216523,165,Kings XI Punjab,0,160.86666666666667,1.0256941566514712,"(1.01, 1.143]"
1216525,2020/21,,2020-10-10,League,V Kohli,Dubai International Cricket Stadium,Royal Challengers Bangalore,Chennai Super Kings,Royal Challengers Bangalore,bat,Royal Challengers Bangalore,runs,37.0,170.0,20.0,N,,AK Chaudhary,PR Reiffel,1216525,170,Chennai Super Kings,0,169.05882352941177,1.0055671537926234,"(0.876, 1.01]"
1216507,2020/21,,2020-10-11,League,R Tewatia,Dubai International Cricket Stadium,Sunrisers Hyderabad,Rajasthan Royals,Sunrisers Hyderabad,bat,Rajasthan Royals,wickets,5.0,159.0,20.0,N,,YC Barde,PR Reiffel,1216507,159,Rajasthan Royals,1,169.11111111111111,0.9402102496714849,"(0.876, 1.01]"
1216529,2020/21,Abu Dhabi,2020-10-11,League,Q de Kock,Sheikh Zayed Stadium,Delhi Capitals,Mumbai Indians,Delhi Capitals,bat,Mumbai Indians,wickets,5.0,163.0,20.0,N,,CB Gaffaney,S Ravi,1216529,163,Mumbai Indians,1,161.125,1.0116369278510473,"(1.01, 1.143]"
1216540,2020/21,,2020-10-12,League,AB de Villiers,Sharjah Cricket Stadium,Royal Challengers Bangalore,Kolkata Knight Riders,Royal Challengers Bangalore,bat,Royal Challengers Bangalore,runs,82.0,195.0,20.0,N,,RK Illingworth,K Srinivasan,1216540,195,Kolkata Knight Riders,0,183.54545454545453,1.062407132243685,"(1.01, 1.143]"
1216528,2020/21,,2020-10-13,League,RA Jadeja,Dubai International Cricket Stadium,Chennai Super Kings,Sunrisers Hyderabad,Chennai Super Kings,bat,Chennai Super Kings,runs,20.0,168.0,20.0,N,,AK Chaudhary,PR Reiffel,1216528,168,Sunrisers Hyderabad,0,168.57894736842104,0.9965657196378396,"(0.876, 1.01]"
1216543,2020/21,,2020-10-14,League,A Nortje,Dubai International Cricket Stadium,Delhi Capitals,Rajasthan Royals,Delhi Capitals,bat,Delhi Capitals,runs,13.0,162.0,20.0,N,,AK Chaudhary,Nitin Menon,1216543,162,Rajasthan Royals,0,168.55,0.9611391278552358,"(0.876, 1.01]"
1216531,2020/21,,2020-10-15,League,KL Rahul,Sharjah Cricket Stadium,Royal Challengers Bangalore,Kings XI Punjab,Royal Challengers Bangalore,bat,Kings XI Punjab,wickets,8.0,172.0,20.0,N,,KN Ananthapadmanabhan,C Shamshuddin,1216531,172,Kings XI Punjab,1,184.5,0.9322493224932249,"(0.876, 1.01]"
1216526,2020/21,Abu Dhabi,2020-10-16,League,Q de Kock,Sheikh Zayed Stadium,Kolkata Knight Riders,Mumbai Indians,Kolkata Knight Riders,bat,Mumbai Indians,wickets,8.0,149.0,20.0,N,,CB Gaffaney,VK Sharma,1216526,149,Mumbai Indians,1,161.23529411764707,0.9241152863918277,"(0.876, 1.01]"
1216509,2020/21,,2020-10-17,League,S Dhawan,Sharjah Cricket Stadium,Chennai Super Kings,Delhi Capitals,Chennai Super Kings,bat,Delhi Capitals,wickets,5.0,180.0,20.0,N,,KN Ananthapadmanabhan,RK Illingworth,1216509,180,Delhi Capitals,1,183.53846153846155,0.9807208717518859,"(0.876, 1.01]"
1216522,2020/21,,2020-10-17,League,AB de Villiers,Dubai International Cricket Stadium,Rajasthan Royals,Royal Challengers Bangalore,Rajasthan Royals,bat,Royal Challengers Bangalore,wickets,7.0,178.0,20.0,N,,AK Chaudhary,Nitin Menon,1216522,178,Royal Challengers Bangalore,1,168.23809523809524,1.058024341919049,"(1.01, 1.143]"
1216512,2020/21,Abu Dhabi,2020-10-18,League,LH Ferguson,Sheikh Zayed Stadium,Kolkata Knight Riders,Sunrisers Hyderabad,Sunrisers Hyderabad,field,Kolkata Knight Riders,tie,,164.0,20.0,Y,,PG Pathak,S Ravi,1216512,164,Sunrisers Hyderabad,0,160.55555555555554,1.021453287197232,"(1.01, 1.143]"
1216517,2020/21,,2020-10-18,League,KL Rahul,Dubai International Cricket Stadium,Mumbai Indians,Kings XI Punjab,Mumbai Indians,bat,Kings XI Punjab,tie,,177.0,20.0,Y,,Nitin Menon,PR Reiffel,1216517,177,Kings XI Punjab,1,168.6818181818182,1.0493128536782539,"(1.01, 1.143]"
1216533,2020/21,Abu Dhabi,2020-10-19,League,JC Buttler,Sheikh Zayed Stadium,Chennai Super Kings,Rajasthan Royals,Chennai Super Kings,bat,Rajasthan Royals,wickets,7.0,126.0,20.0,N,,CB Gaffaney,VK Sharma,1216533,126,Rajasthan Royals,1,160.73684210526315,0.7838899803536347,"(0.743, 0.876]"
1216546,2020/21,,2020-10-20,League,S Dhawan,Dubai International Cricket Stadium,Delhi Capitals,Kings XI Punjab,Delhi Capitals,bat,Kings XI Punjab,wickets,5.0,165.0,20.0,N,,C Shamshuddin,RK Illingworth,1216546,165,Kings XI Punjab,1,169.04347826086956,0.9760802469135803,"(0.876, 1.01]"
1216494,2020/21,Abu Dhabi,2020-10-21,League,Mohammed Siraj,Sheikh Zayed Stadium,Kolkata Knight Riders,Royal Challengers Bangalore,Kolkata Knight Riders,bat,Royal Challengers Bangalore,wickets,8.0,85.0,20.0,N,,VK Sharma,S Ravi,1216494,85,Royal Challengers Bangalore,1,159.0,0.5345911949685535,"(0.476, 0.609]"
1216518,2020/21,,2020-10-22,League,MK Pandey,Dubai International Cricket Stadium,Rajasthan Royals,Sunrisers Hyderabad,Sunrisers Hyderabad,field,Sunrisers Hyderabad,wickets,8.0,155.0,20.0,N,,Nitin Menon,PR Reiffel,1216518,155,Sunrisers Hyderabad,1,168.875,0.9178386380458919,"(0.876, 1.01]"
1216521,2020/21,,2020-10-23,League,TA Boult,Sharjah Cricket Stadium,Chennai Super Kings,Mumbai Indians,Mumbai Indians,field,Mumbai Indians,wickets,10.0,115.0,20.0,N,,C Shamshuddin,VA Kulkarni,1216521,115,Mumbai Indians,1,183.28571428571428,0.627435697583788,"(0.609, 0.743]"
1216497,2020/21,Abu Dhabi,2020-10-24,League,CV Varun,Sheikh Zayed Stadium,Kolkata Knight Riders,Delhi Capitals,Delhi Capitals,field,Kolkata Knight Riders,runs,59.0,195.0,20.0,N,,CB Gaffaney,PG Pathak,1216497,195,Delhi Capitals,0,155.47619047619048,1.2542113323124042,"(1.143, 1.277]"
1216498,2020/21,,2020-10-24,League,CJ Jordan,Dubai International Cricket Stadium,Kings XI Punjab,Sunrisers Hyderabad,Sunrisers Hyderabad,field,Kings XI Punjab,runs,12.0,127.0,20.0,N,,AY Dandekar,PR Reiffel,1216498,127,Sunrisers Hyderabad,0,168.32,0.7545152091254753,"(0.743, 0.876]"
1216541,2020/21,Abu Dhabi,2020-10-25,League,BA Stokes,Sheikh Zayed Stadium,Mumbai Indians,Rajasthan Royals,Mumbai Indians,bat,Rajasthan Royals,wickets,8.0,196.0,20.0,N,,UV Gandhe,VK Sharma,1216541,196,Rajasthan Royals,1,157.27272727272728,1.246242774566474,"(1.143, 1.277]"
1216544,2020/21,,2020-10-25,League,RD Gaikwad,Dubai International Cricket Stadium,Royal Challengers Bangalore,Chennai Super Kings,Royal Challengers Bangalore,bat,Chennai Super Kings,wickets,8.0,146.0,20.0,N,,C Shamshuddin,RK Illingworth,1216544,146,Chennai Super Kings,1,166.73076923076923,0.8756632064590543,"(0.743, 0.876]"
1216520,2020/21,,2020-10-26,League,CH Gayle,Sharjah Cricket Stadium,Kolkata Knight Riders,Kings XI Punjab,Kings XI Punjab,field,Kings XI Punjab,wickets,8.0,150.0,20.0,N,,KN Ananthapadmanabhan,RK Illingworth,1216520,150,Kings XI Punjab,1,178.73333333333332,0.8392390898918315,"(0.743, 0.876]"
1216524,2020/21,,2020-10-27,League,WP Saha,Dubai International Cricket Stadium,Sunrisers Hyderabad,Delhi Capitals,Delhi Capitals,field,Sunrisers Hyderabad,runs,88.0,220.0,20.0,N,,AK Chaudhary,Nitin Menon,1216524,220,Delhi Capitals,0,165.96296296296296,1.3255969649631778,"(1.277, 1.41]"
1216499,2020/21,Abu Dhabi,2020-10-28,League,SA Yadav,Sheikh Zayed Stadium,Royal Challengers Bangalore,Mumbai Indians,Mumbai Indians,field,Mumbai Indians,wickets,5.0,165.0,20.0,N,,UV Gandhe,CB Gaffaney,1216499,165,Mumbai Indians,1,158.95652173913044,1.038019693654267,"(1.01, 1.143]"
1216536,2020/21,,2020-10-29,League,RD Gaikwad,Dubai International Cricket Stadium,Kolkata Knight Riders,Chennai Super Kings,Chennai Super Kings,field,Chennai Super Kings,wickets,6.0,173.0,20.0,N,,C Shamshuddin,RK Illingworth,1216536,173,Chennai Super Kings,1,167.89285714285714,1.030419059774516,"(1.01, 1.143]"
1216537,2020/21,Abu Dhabi,2020-10-30,League,BA Stokes,Sheikh Zayed Stadium,Kings XI Punjab,Rajasthan Royals,Rajasthan Royals,field,Rajasthan Royals,wickets,7.0,186.0,20.0,N,,CB Gaffaney,S Ravi,1216537,186,Rajasthan Royals,1,159.20833333333334,1.1682805548285788,"(1.143, 1.277]"
1216502,2020/21,,2020-10-31,League,Sandeep Sharma,Sharjah Cricket Stadium,Royal Challengers Bangalore,Sunrisers Hyderabad,Sunrisers Hyderabad,field,Sunrisers Hyderabad,wickets,5.0,121.0,20.0,N,,KN Ananthapadmanabhan,K Srinivasan,1216502,121,Sunrisers Hyderabad,1,176.9375,0.6838572942423172,"(0.609, 0.743]"
1216535,2020/21,,2020-10-31,League,Ishan Kishan,Dubai International Cricket Stadium,Delhi Capitals,Mumbai Indians,Mumbai Indians,field,Mumbai Indians,wickets,9.0,111.0,20.0,N,,YC Barde,PR Reiffel,1216535,111,Mumbai Indians,1,168.06896551724137,0.6604431678292983,"(0.609, 0.743]"
1216506,2020/21,Abu Dhabi,2020-11-01,League,RD Gaikwad,Sheikh Zayed Stadium,Kings XI Punjab,Chennai Super Kings,Chennai Super Kings,field,Chennai Super Kings,wickets,9.0,154.0,20.0,N,,PG Pathak,VK Sharma,1216506,154,Chennai Super Kings,1,160.28,0.960818567506863,"(0.876, 1.01]"
1216530,2020/21,,2020-11-01,League,PJ Cummins,Dubai International Cricket Stadium,Kolkata Knight Riders,Rajasthan Royals,Rajasthan Royals,field,Kolkata Knight Riders,runs,60.0,192.0,20.0,N,,Nitin Menon,PR Reiffel,1216530,192,Rajasthan Royals,0,166.16666666666666,1.1554663991975929,"(1.143, 1.277]"
1216505,2020/21,Abu Dhabi,2020-11-02,League,A Nortje,Sheikh Zayed Stadium,Royal Challengers Bangalore,Delhi Capitals,Delhi Capitals,field,Delhi Capitals,wickets,6.0,153.0,20.0,N,,CB Gaffaney,S Ravi,1216505,153,Delhi Capitals,1,160.03846153846155,0.9560201874549387,"(0.876, 1.01]"
1216495,2020/21,,2020-11-03,League,S Nadeem,Sharjah Cricket Stadium,Mumbai Indians,Sunrisers Hyderabad,Sunrisers Hyderabad,field,Sunrisers Hyderabad,wickets,10.0,150.0,20.0,N,,C Shamshuddin,RK Illingworth,1216495,150,Sunrisers Hyderabad,1,173.64705882352942,0.8638211382113821,"(0.743, 0.876]"
1237177,2020/21,,2020-11-05,Qualifier 1,JJ Bumrah,Dubai International Cricket Stadium,Mumbai Indians,Delhi Capitals,Delhi Capitals,field,Mumbai Indians,runs,57.0,201.0,20.0,N,,CB Gaffaney,Nitin Menon,1237177,201,Delhi Capitals,0,167.0,1.2035928143712575,"(1.143, 1.277]"
1237178,2020/21,Abu Dhabi,2020-11-06,Eliminator,KS Williamson,Sheikh Zayed Stadium,Royal Challengers Bangalore,Sunrisers Hyderabad,Sunrisers Hyderabad,field,Sunrisers Hyderabad,wickets,6.0,132.0,20.0,N,,PR Reiffel,S Ravi,1237178,132,Sunrisers Hyderabad,1,159.77777777777777,0.8261474269819193,"(0.743, 0.876]"
1237180,2020/21,Abu Dhabi,2020-11-08,Qualifier 2,MP Stoinis,Sheikh Zayed Stadium,Delhi Capitals,Sunrisers Hyderabad,Delhi Capitals,bat,Delhi Capitals,runs,17.0,190.0,20.0,N,,PR Reiffel,S Ravi,1237180,190,Sunrisers Hyderabad,0,158.78571428571428,1.1965811965811965,"(1.143, 1.277]"
1237181,2020/21,,2020-11-10,Final,TA Boult,Dubai International Cricket Stadium,Delhi Capitals,Mumbai Indians,Delhi Capitals,bat,Mumbai Indians,wickets,5.0,157.0,20.0,N,,CB Gaffaney,Nitin Menon,1237181,157,Mumbai Indians,1,168.0625,0.9341762737076981,"(0.876, 1.01]"
1254060,2021,Chennai,2021-04-11,League,N Rana,"MA Chidambaram Stadium, Chepauk, Chennai",Kolkata Knight Riders,Sunrisers Hyderabad,Sunrisers Hyderabad,field,Kolkata Knight Riders,runs,10.0,188.0,20.0,N,,KN Ananthapadmanabhan,Nitin Menon,1254060,188,Sunrisers Hyderabad,0,160.0,1.175,"(1.143, 1.277]"
1254061,2021,Mumbai,2021-04-12,League,SV Samson,"Wankhede Stadium, Mumbai",Punjab Kings,Rajasthan Royals,Rajasthan Royals,field,Punjab Kings,runs,4.0,222.0,20.0,N,,AK Chaudhary,S Ravi,1254061,222,Rajasthan Royals,0,189.0,1.1746031746031746,"(1.143, 1.277]"
1254062,2021,Chennai,2021-04-13,League,RD Chahar,"MA Chidambaram Stadium, Chepauk, Chennai",Mumbai Indians,Kolkata Knight Riders,Kolkata Knight Riders,field,Mumbai Indians,runs,10.0,153.0,20.0,N,,C Shamshuddin,CB Gaffaney,1254062,153,Kolkata Knight Riders,0,174.0,0.8793103448275862,"(0.876, 1.01]"
1254063,2021,Chennai,2021-04-14,League,GJ Maxwell,"MA Chidambaram Stadium, Chepauk, Chennai",Royal Challengers Bangalore,Sunrisers Hyderabad,Sunrisers Hyderabad,field,Royal Challengers Bangalore,runs,6.0,150.0,20.0,N,,Nitin Menon,UV Gandhe,1254063,150,Sunrisers Hyderabad,0,167.0,0.8982035928143712,"(0.876, 1.01]"
1254064,2021,Mumbai,2021-04-15,League,JD Unadkat,"Wankhede Stadium, Mumbai",Delhi Capitals,Rajasthan Royals,Rajasthan Royals,field,Rajasthan Royals,wickets,3.0,148.0,20.0,N,,S Ravi,VK Sharma,1254064,148,Rajasthan Royals,1,205.5,0.7201946472019465,"(0.609, 0.743]"
1254065,2021,Mumbai,2021-04-16,League,DL Chahar,"Wankhede Stadium, Mumbai",Punjab Kings,Chennai Super Kings,Chennai Super Kings,field,Chennai Super Kings,wickets,6.0,107.0,20.0,N,,AK Chaudhary,AY Dandekar,1254065,107,Chennai Super Kings,1,186.33333333333334,0.5742397137745975,"(0.476, 0.609]"
1254066,2021,Chennai,2021-04-17,League,KA Pollard,"MA Chidambaram Stadium, Chepauk, Chennai",Mumbai Indians,Sunrisers Hyderabad,Mumbai Indians,bat,Mumbai Indians,runs,13.0,151.0,20.0,N,,CB Gaffaney,K Srinivasan,1254066,151,Sunrisers Hyderabad,0,162.75,0.9278033794162827,"(0.876, 1.01]"
1254067,2021,Chennai,2021-04-18,League,AB de Villiers,"MA Chidambaram Stadium, Chepauk, Chennai",Royal Challengers Bangalore,Kolkata Knight Riders,Royal Challengers Bangalore,bat,Royal Challengers Bangalore,runs,38.0,205.0,20.0,N,,C Shamshuddin,Nitin Menon,1254067,205,Kolkata Knight Riders,0,160.4,1.2780548628428927,"(1.277, 1.41]"
1254068,2021,Mumbai,2021-04-18,League,S Dhawan,"Wankhede Stadium, Mumbai",Punjab Kings,Delhi Capitals,Delhi Capitals,field,Delhi Capitals,wickets,6.0,196.0,20.0,N,,AK Chaudhary,PR Reiffel,1254068,196,Delhi Capitals,1,166.5,1.177177177177177,"(1.143, 1.277]"
1254069,2021,Mumbai,2021-04-19,League,MM Ali,"Wankhede Stadium, Mumbai",Chennai Super Kings,Rajasthan Royals,Rajasthan Royals,field,Chennai Super Kings,runs,45.0,189.0,20.0,N,,PR Reiffel,VK Sharma,1254069,189,Rajasthan Royals,0,172.4,1.0962877030162412,"(1.01, 1.143]"
1254070,2021,Chennai,2021-04-20,League,A Mishra,"MA Chidambaram Stadium, Chepauk, Chennai",Mumbai Indians,Delhi Capitals,Mumbai Indians,bat,Delhi Capitals,wickets,6.0,138.0,20.0,N,,C Shamshuddin,CB Gaffaney,1254070,138,Delhi Capitals,1,167.83333333333334,0.8222442899702085,"(0.743, 0.876]"
1254071,2021,Chennai,2021-04-21,League,JM Bairstow,"MA Chidambaram Stadium, Chepauk, Chennai",Punjab Kings,Sunrisers Hyderabad,Punjab Kings,bat,Sunrisers Hyderabad,wickets,9.0,121.0,20.0,N,,K Srinivasan,Nitin Menon,1254071,121,Sunrisers Hyderabad,1,163.57142857142858,0.7397379912663755,"(0.609, 0.743]"
1254072,2021,Mumbai,2021-04-21,League,F du Plessis,"Wankhede Stadium, Mumbai",Chennai Super Kings,Kolkata Knight Riders,Kolkata Knight Riders,field,Chennai Super Kings,runs,18.0,221.0,20.0,N,,AY Dandekar,PR Reiffel,1254072,221,Kolkata Knight Riders,0,175.16666666666666,1.2616555661274977,"(1.143, 1.277]"
1254073,2021,Mumbai,2021-04-22,League,D Padikkal,"Wankhede Stadium, Mumbai",Rajasthan Royals,Royal Challengers Bangalore,Royal Challengers Bangalore,field,Royal Challengers Bangalore,wickets,10.0,178.0,20.0,N,,J Madanagopal,S Ravi,1254073,178,Royal Challengers Bangalore,1,181.71428571428572,0.9795597484276729,"(0.876, 1.01]"
1254074,2021,Chennai,2021-04-23,League,KL Rahul,"MA Chidambaram Stadium, Chepauk, Chennai",Mumbai Indians,Punjab Kings,Punjab Kings,field,Punjab Kings,wickets,9.0,132.0,20.0,N,,C Shamshuddin,Nitin Menon,1254074,132,Punjab Kings,1,158.25,0.8341232227488151,"(0.743, 0.876]"
1254075,2021,Mumbai,2021-04-24,League,CH Morris,"Wankhede Stadium, Mumbai",Kolkata Knight Riders,Rajasthan Royals,Rajasthan Royals,field,Rajasthan Royals,wickets,6.0,134.0,20.0,N,,Navdeep Singh,S Ravi,1254075,134,Rajasthan Royals,1,181.25,0.7393103448275862,"(0.609, 0.743]"
1254076,2021,Mumbai,2021-04-25,League,RA Jadeja,"Wankhede Stadium, Mumbai",Chennai Super Kings,Royal Challengers Bangalore,Chennai Super Kings,bat,Chennai Super Kings,runs,69.0,192.0,20.0,N,,AK Chaudhary,VK Sharma,1254076,192,Royal Challengers Bangalore,0,176.0,1.0909090909090908,"(1.01, 1.143]"
1254077,2021,Chennai,2021-04-25,League,PP Shaw,"MA Chidambaram Stadium, Chepauk, Chennai",Delhi Capitals,Sunrisers Hyderabad,Delhi Capitals,bat,Delhi Capitals,tie,,160.0,20.0,Y,,CB Gaffaney,KN Ananthapadmanabhan,1254077,160,Sunrisers Hyderabad,0,155.33333333333334,1.0300429184549356,"(1.01, 1.143]"
1254079,2021,Ahmedabad,2021-04-27,League,AB de Villiers,"Narendra Modi Stadium, Ahmedabad",Royal Challengers Bangalore,Delhi Capitals,Delhi Capitals,field,Royal Challengers Bangalore,runs,1.0,172.0,20.0,N,,S Ravi,VK Sharma,1254079,172,Delhi Capitals,0,124.0,1.3870967741935485,"(1.277, 1.41]"
1254081,2021,Delhi,2021-04-29,League,Q de Kock,"Arun Jaitley Stadium, Delhi",Rajasthan Royals,Mumbai Indians,Mumbai Indians,field,Mumbai Indians,wickets,7.0,172.0,20.0,N,,CB Gaffaney,KN Ananthapadmanabhan,1254081,172,Mumbai Indians,1,172.0,1.0,"(0.876, 1.01]"
1254082,2021,Ahmedabad,2021-04-29,League,PP Shaw,"Narendra Modi Stadium, Ahmedabad",Kolkata Knight Riders,Delhi Capitals,Delhi Capitals,field,Delhi Capitals,wickets,7.0,155.0,20.0,N,,AK Chaudhary,YC Barde,1254082,155,Delhi Capitals,1,148.0,1.0472972972972974,"(1.01, 1.143]"
1254083,2021,Ahmedabad,2021-04-30,League,Harpreet Brar,"Narendra Modi Stadium, Ahmedabad",Punjab Kings,Royal Challengers Bangalore,Royal Challengers Bangalore,field,Punjab Kings,runs,34.0,180.0,20.0,N,,S Ravi,VK Sharma,1254083,180,Royal Challengers Bangalore,0,150.33333333333334,1.1973392461197339,"(1.143, 1.277]"
1254084,2021,Delhi,2021-05-01,League,KA Pollard,"Arun Jaitley Stadium, Delhi",Chennai Super Kings,Mumbai Indians,Mumbai Indians,field,Mumbai Indians,wickets,4.0,219.0,20.0,N,,KN Ananthapadmanabhan,CK Nandan,1254084,219,Mumbai Indians,1,172.0,1.2732558139534884,"(1.143, 1.277]"
1254085,2021,Delhi,2021-05-02,League,JC Buttler,"Arun Jaitley Stadium, Delhi",Rajasthan Royals,Sunrisers Hyderabad,Sunrisers Hyderabad,field,Rajasthan Royals,runs,55.0,221.0,20.0,N,,C Shamshuddin,CB Gaffaney,1254085,221,Sunrisers Hyderabad,0,187.66666666666666,1.177619893428064,"(1.143, 1.277]"
1254086,2021,Ahmedabad,2021-05-02,League,MA Agarwal,"Narendra Modi Stadium, Ahmedabad",Punjab Kings,Delhi Capitals,Delhi Capitals,field,Delhi Capitals,wickets,7.0,167.0,20.0,N,,AK Chaudhary,AY Dandekar,1254086,167,Delhi Capitals,1,157.75,1.058637083993661,"(1.01, 1.143]"
1254104,2021,Dubai,2021-09-19,League,RD Gaikwad,Dubai International Cricket Stadium,Chennai Super Kings,Mumbai Indians,Chennai Super Kings,bat,Chennai Super Kings,runs,20.0,157.0,20.0,N,,Nitin Menon,RK Illingworth,1254104,157,Mumbai Indians,0,167.72727272727272,0.9360433604336044,"(0.876, 1.01]"
1254111,2021,Dubai,2021-09-21,League,Kartik Tyagi,Dubai International Cricket Stadium,Rajasthan Royals,Punjab Kings,Punjab Kings,field,Rajasthan Royals,runs,2.0,186.0,20.0,N,,AK Chaudhary,MA Gough,1254111,186,Punjab Kings,0,167.41176470588235,1.1110330288123682,"(1.01, 1.143]"
1254105,2021,Dubai,2021-09-22,League,A Nortje,Dubai International Cricket Stadium,Sunrisers Hyderabad,Delhi Capitals,Sunrisers Hyderabad,bat,Delhi Capitals,wickets,8.0,135.0,20.0,N,,KN Ananthapadmanabhan,RK Illingworth,1254105,135,Delhi Capitals,1,167.94285714285715,0.8038448451854372,"(0.743, 0.876]"
1254096,2021,Abu Dhabi,2021-09-23,League,SP Narine,"Zayed Cricket Stadium, Abu Dhabi",Mumbai Indians,Kolkata Knight Riders,Kolkata Knight Riders,field,Kolkata Knight Riders,wickets,7.0,156.0,20.0,N,,S Ravi,VK Sharma,1254096,156,Kolkata Knight Riders,1,93.0,1.6774193548387097,"(1.544, 1.677]"
1254113,2021,Sharjah,2021-09-24,League,DJ Bravo,Sharjah Cricket Stadium,Royal Challengers Bangalore,Chennai Super Kings,Chennai Super Kings,field,Chennai Super Kings,wickets,6.0,157.0,20.0,N,,AK Chaudhary,Nitin Menon,1254113,157,Chennai Super Kings,1,172.33333333333334,0.9110251450676982,"(0.876, 1.01]"
1254097,2021,Abu Dhabi,2021-09-25,League,SS Iyer,"Zayed Cricket Stadium, Abu Dhabi",Delhi Capitals,Rajasthan Royals,Rajasthan Royals,field,Delhi Capitals,runs,33.0,155.0,20.0,N,,CB Gaffaney,UV Gandhe,1254097,155,Rajasthan Royals,0,124.5,1.2449799196787148,"(1.143, 1.277]"
1254107,2021,Sharjah,2021-09-25,League,JO Holder,Sharjah Cricket Stadium,Punjab Kings,Sunrisers Hyderabad,Sunrisers Hyderabad,field,Punjab Kings,runs,5.0,126.0,20.0,N,,RK Illingworth,YC Barde,1254107,126,Sunrisers Hyderabad,0,171.52631578947367,0.7345811598649893,"(0.609, 0.743]"
1254098,2021,Abu Dhabi,2021-09-26,League,RA Jadeja,"Zayed Cricket Stadium, Abu Dhabi",Kolkata Knight Riders,Chennai Super Kings,Kolkata Knight Riders,bat,Chennai Super Kings,wickets,2.0,172.0,20.0,N,,CB Gaffaney,Tapan Sharma,1254098,172,Chennai Super Kings,1,134.66666666666666,1.2772277227722773,"(1.277, 1.41]"
1254108,2021,Dubai,2021-09-26,League,GJ Maxwell,Dubai International Cricket Stadium,Royal Challengers Bangalore,Mumbai Indians,Mumbai Indians,field,Royal Challengers Bangalore,runs,54.0,166.0,20.0,N,,AK Chaudhary,MA Gough,1254108,166,Mumbai Indians,0,167.02777777777777,0.9938466655579578,"(0.876, 1.01]"
1254100,2021,Dubai,2021-09-27,League,JJ Roy,Dubai International Cricket Stadium,Rajasthan Royals,Sunrisers Hyderabad,Rajasthan Royals,bat,Sunrisers Hyderabad,wickets,7.0,165.0,20.0,N,,KN Ananthapadmanabhan,Navdeep Singh,1254100,165,Sunrisers Hyderabad,1,167.0,0.9880239520958084,"(0.876, 1.01]"
1254092,2021,Sharjah,2021-09-28,League,SP Narine,Sharjah Cricket Stadium,Delhi Capitals,Kolkata Knight Riders,Kolkata Knight Riders,field,Kolkata Knight Riders,wickets,3.0,128.0,20.0,N,,Nitin Menon,HAS Khalid,1254092,128,Kolkata Knight Riders,1,169.25,0.7562776957163959,"(0.743, 0.876]"
1254099,2021,Abu Dhabi,2021-09-28,League,KA Pollard,"Zayed Cricket Stadium, Abu Dhabi",Punjab Kings,Mumbai Indians,Mumbai Indians,field,Mumbai Indians,wickets,6.0,136.0,20.0,N,,S Ravi,VK Sharma,1254099,136,Mumbai Indians,1,144.0,0.9444444444444444,"(0.876, 1.01]"
1254103,2021,Dubai,2021-09-29,League,YS Chahal,Dubai International Cricket Stadium,Rajasthan Royals,Royal Challengers Bangalore,Royal Challengers Bangalore,field,Royal Challengers Bangalore,wickets,7.0,150.0,20.0,N,,AY Dandekar,KN Ananthapadmanabhan,1254103,150,Royal Challengers Bangalore,1,166.94736842105263,0.8984867591424969,"(0.876, 1.01]"
1254091,2021,Sharjah,2021-09-30,League,JR Hazlewood,Sharjah Cricket Stadium,Sunrisers Hyderabad,Chennai Super Kings,Chennai Super Kings,field,Chennai Super Kings,wickets,6.0,135.0,20.0,N,,Nitin Menon,YC Barde,1254091,135,Chennai Super Kings,1,167.28571428571428,0.807002561912895,"(0.743, 0.876]"
1254102,2021,Dubai,2021-10-01,League,KL Rahul,Dubai International Cricket Stadium,Kolkata Knight Riders,Punjab Kings,Punjab Kings,field,Punjab Kings,wickets,5.0,166.0,20.0,N,,KN Ananthapadmanabhan,RK Illingworth,1254102,166,Punjab Kings,1,166.51282051282053,0.9969202340622112,"(0.876, 1.01]"
1254089,2021,Abu Dhabi,2021-10-02,League,RD Gaikwad,"Zayed Cricket Stadium, Abu Dhabi",Chennai Super Kings,Rajasthan Royals,Rajasthan Royals,field,Rajasthan Royals,wickets,7.0,190.0,20.0,N,,CB Gaffaney,VK Sharma,1254089,190,Rajasthan Royals,1,142.4,1.3342696629213482,"(1.277, 1.41]"
1254112,2021,Sharjah,2021-10-02,League,AR Patel,Sharjah Cricket Stadium,Mumbai Indians,Delhi Capitals,Delhi Capitals,field,Delhi Capitals,wickets,4.0,130.0,20.0,N,,AK Chaudhary,MA Gough,1254112,130,Delhi Capitals,1,165.8181818181818,0.7839912280701755,"(0.743, 0.876]"
1254090,2021,Sharjah,2021-10-03,League,GJ Maxwell,Sharjah Cricket Stadium,Royal Challengers Bangalore,Punjab Kings,Royal Challengers Bangalore,bat,Royal Challengers Bangalore,runs,6.0,165.0,20.0,N,,KN Ananthapadmanabhan,RK Illingworth,1254090,165,Punjab Kings,0,164.2608695652174,1.0044997353096876,"(0.876, 1.01]"
1254109,2021,Dubai,2021-10-03,League,Shubman Gill,Dubai International Cricket Stadium,Sunrisers Hyderabad,Kolkata Knight Riders,Sunrisers Hyderabad,bat,Kolkata Knight Riders,wickets,6.0,116.0,20.0,N,,J Madanagopal,MA Gough,1254109,116,Kolkata Knight Riders,1,166.5,0.6966966966966966,"(0.609, 0.743]"
1254110,2021,Dubai,2021-10-04,League,AR Patel,Dubai International Cricket Stadium,Chennai Super Kings,Delhi Capitals,Delhi Capitals,field,Delhi Capitals,wickets,3.0,137.0,20.0,N,,AK Chaudhary,Nitin Menon,1254110,137,Delhi Capitals,1,165.26829268292684,0.8289551357733176,"(0.743, 0.876]"
1254093,2021,Sharjah,2021-10-05,League,NM Coulter-Nile,Sharjah Cricket Stadium,Rajasthan Royals,Mumbai Indians,Mumbai Indians,field,Mumbai Indians,wickets,8.0,91.0,20.0,N,,AK Chaudhary,MA Gough,1254093,91,Mumbai Indians,1,164.29166666666666,0.5538929748922141,"(0.476, 0.609]"
1254095,2021,Abu Dhabi,2021-10-06,League,KS Williamson,"Zayed Cricket Stadium, Abu Dhabi",Sunrisers Hyderabad,Royal Challengers Bangalore,Royal Challengers Bangalore,field,Sunrisers Hyderabad,runs,4.0,142.0,20.0,N,,S Ravi,UV Gandhe,1254095,142,Royal Challengers Bangalore,0,150.33333333333334,0.9445676274944567,"(0.876, 1.01]"
1254094,2021,Dubai,2021-10-07,League,KL Rahul,Dubai International Cricket Stadium,Chennai Super Kings,Punjab Kings,Punjab Kings,field,Punjab Kings,wickets,6.0,135.0,20.0,N,,K Srinivasan,RK Illingworth,1254094,135,Punjab Kings,1,164.5952380952381,0.8201938376970924,"(0.743, 0.876]"
1254106,2021,Sharjah,2021-10-07,League,Shivam Mavi,Sharjah Cricket Stadium,Kolkata Knight Riders,Rajasthan Royals,Rajasthan Royals,field,Kolkata Knight Riders,runs,86.0,172.0,20.0,N,,MA Gough,HAS Khalid,1254106,172,Rajasthan Royals,0,161.36,1.0659395141298957,"(1.01, 1.143]"
1254088,2021,Abu Dhabi,2021-10-08,League,Ishan Kishan,"Zayed Cricket Stadium, Abu Dhabi",Mumbai Indians,Sunrisers Hyderabad,Mumbai Indians,bat,Mumbai Indians,runs,42.0,236.0,20.0,N,,Tapan Sharma,VK Sharma,1254088,236,Sunrisers Hyderabad,0,149.14285714285714,1.582375478927203,"(1.544, 1.677]"
1254101,2021,Dubai,2021-10-08,League,KS Bharat,Dubai International Cricket Stadium,Delhi Capitals,Royal Challengers Bangalore,Royal Challengers Bangalore,field,Royal Challengers Bangalore,wickets,7.0,165.0,20.0,N,,KN Ananthapadmanabhan,Nitin Menon,1254101,165,Royal Challengers Bangalore,1,163.90697674418604,1.0066685584562998,"(0.876, 1.01]"
1254114,2021,Dubai,2021-10-10,Qualifier 1,RD Gaikwad,Dubai International Cricket Stadium,Delhi Capitals,Chennai Super Kings,Chennai Super Kings,field,Chennai Super Kings,wickets,4.0,173.0,20.0,N,,Nitin Menon,RK Illingworth,1254114,173,Chennai Super Kings,1,163.9318181818182,1.0553167891307362,"(1.01, 1.143]"
1254115,2021,Sharjah,2021-10-11,Eliminator,SP Narine,Sharjah Cricket Stadium,Royal Challengers Bangalore,Kolkata Knight Riders,Royal Challengers Bangalore,bat,Kolkata Knight Riders,wickets,4.0,139.0,20.0,N,,CB Gaffaney,VK Sharma,1254115,139,Kolkata Knight Riders,1,161.76923076923077,0.85924869234427,"(0.743, 0.876]"
1254116,2021,Sharjah,2021-10-13,Qualifier 2,VR Iyer,Sharjah Cricket Stadium,Delhi Capitals,Kolkata Knight Riders,Kolkata Knight Riders,field,Kolkata Knight Riders,wickets,3.0,136.0,20.0,N,,KN Ananthapadmanabhan,MA Gough,1254116,136,Kolkata Knight Riders,1,160.92592592592592,0.8451093210586882,"(0.743, 0.876]"
1254117,2021,Dubai,2021-10-15,Final,F du Plessis,Dubai International Cricket Stadium,Chennai Super Kings,Kolkata Knight Riders,Kolkata Knight Riders,field,Chennai Super Kings,runs,27.0,193.0,20.0,N,,Nitin Menon,RK Illingworth,1254117,193,Kolkata Knight Riders,0,164.13333333333333,1.17587327376117,"(1.143, 1.277]"
1304047,2022,Mumbai,2022-03-26,League,UT Yadav,"Wankhede Stadium, Mumbai",Chennai Super Kings,Kolkata Knight Riders,Kolkata Knight Riders,field,Kolkata Knight Riders,wickets,6.0,132.0,20.0,N,,AK Chaudhary,Nitin Menon,1304047,132,Kolkata Knight Riders,1,177.6,0.7432432432432433,"(0.743, 0.876]"
1304048,2022,Mumbai,2022-03-27,League,Kuldeep Yadav,"Brabourne Stadium, Mumbai",Mumbai Indians,Delhi Capitals,Delhi Capitals,field,Delhi Capitals,wickets,4.0,178.0,20.0,N,,RJ Tucker,HAS Khalid,1304048,178,Delhi Capitals,1,181.0,0.9834254143646409,"(0.876, 1.01]"
1304050,2022,Mumbai,2022-03-28,League,Mohammed Shami,"Wankhede Stadium, Mumbai",Lucknow Super Giants,Gujarat Titans,Gujarat Titans,field,Gujarat Titans,wickets,5.0,159.0,20.0,N,,PG Pathak,VK Sharma,1304050,159,Gujarat Titans,1,173.45454545454547,0.9166666666666666,"(0.876, 1.01]"
1304052,2022,Mumbai,2022-03-30,League,PWH de Silva,"Dr DY Patil Sports Academy, Mumbai",Kolkata Knight Riders,Royal Challengers Bangalore,Royal Challengers Bangalore,field,Royal Challengers Bangalore,wickets,3.0,129.0,20.0,N,,J Madanagopal,Navdeep Singh,1304052,129,Royal Challengers Bangalore,1,206.0,0.6262135922330098,"(0.609, 0.743]"
1304053,2022,Mumbai,2022-03-31,League,E Lewis,"Brabourne Stadium, Mumbai",Chennai Super Kings,Lucknow Super Giants,Lucknow Super Giants,field,Lucknow Super Giants,wickets,6.0,211.0,20.0,N,,RJ Tucker,VK Sharma,1304053,211,Lucknow Super Giants,1,179.5,1.1754874651810585,"(1.143, 1.277]"
1304054,2022,Mumbai,2022-04-01,League,UT Yadav,"Wankhede Stadium, Mumbai",Punjab Kings,Kolkata Knight Riders,Kolkata Knight Riders,field,Kolkata Knight Riders,wickets,6.0,138.0,20.0,N,,AK Chaudhary,HAS Khalid,1304054,138,Kolkata Knight Riders,1,172.25,0.8011611030478955,"(0.743, 0.876]"
1304055,2022,Mumbai,2022-04-02,League,JC Buttler,"Dr DY Patil Sports Academy, Mumbai",Rajasthan Royals,Mumbai Indians,Mumbai Indians,field,Rajasthan Royals,runs,23.0,194.0,20.0,N,,Nitin Menon,PG Pathak,1304055,194,Mumbai Indians,0,167.5,1.1582089552238806,"(1.143, 1.277]"
1304056,2022,Pune,2022-04-02,League,LH Ferguson,"Maharashtra Cricket Association Stadium, Pune",Gujarat Titans,Delhi Capitals,Delhi Capitals,field,Gujarat Titans,runs,14.0,172.0,20.0,N,,KN Ananthapadmanabhan,UV Gandhe,1304056,172,Delhi Capitals,0,211.0,0.8151658767772512,"(0.743, 0.876]"
1304057,2022,Mumbai,2022-04-03,League,LS Livingstone,"Brabourne Stadium, Mumbai",Punjab Kings,Chennai Super Kings,Chennai Super Kings,field,Punjab Kings,runs,54.0,181.0,20.0,N,,RJ Tucker,YC Barde,1304057,181,Chennai Super Kings,0,190.0,0.9526315789473684,"(0.876, 1.01]"
1304058,2022,Mumbai,2022-04-04,League,Avesh Khan,"Dr DY Patil Sports Academy, Mumbai",Lucknow Super Giants,Sunrisers Hyderabad,Sunrisers Hyderabad,field,Lucknow Super Giants,runs,12.0,170.0,20.0,N,,J Madanagopal,Navdeep Singh,1304058,170,Sunrisers Hyderabad,0,176.33333333333334,0.9640831758034026,"(0.876, 1.01]"
1304059,2022,Mumbai,2022-04-05,League,KD Karthik,"Wankhede Stadium, Mumbai",Rajasthan Royals,Royal Challengers Bangalore,Royal Challengers Bangalore,field,Royal Challengers Bangalore,wickets,4.0,170.0,20.0,N,,AK Chaudhary,HAS Khalid,1304059,170,Royal Challengers Bangalore,1,169.6153846153846,1.002267573696145,"(0.876, 1.01]"
1304060,2022,Pune,2022-04-06,League,PJ Cummins,"Maharashtra Cricket Association Stadium, Pune",Mumbai Indians,Kolkata Knight Riders,Kolkata Knight Riders,field,Kolkata Knight Riders,wickets,5.0,162.0,20.0,N,,BNJ Oxenford,KN Ananthapadmanabhan,1304060,162,Kolkata Knight Riders,1,191.5,0.8459530026109661,"(0.743, 0.876]"
1304061,2022,Mumbai,2022-04-07,League,Q de Kock,"Dr DY Patil Sports Academy, Mumbai",Delhi Capitals,Lucknow Super Giants,Lucknow Super Giants,field,Lucknow Super Giants,wickets,6.0,150.0,20.0,N,,RJ Tucker,Tapan Sharma,1304061,150,Lucknow Super Giants,1,174.75,0.8583690987124464,"(0.743, 0.876]"
1304062,2022,Mumbai,2022-04-08,League,Shubman Gill,"Brabourne Stadium, Mumbai",Punjab Kings,Gujarat Titans,Gujarat Titans,field,Gujarat Titans,wickets,6.0,190.0,20.0,N,,AK Chaudhary,VK Sharma,1304062,190,Gujarat Titans,1,187.75,1.0119840213049267,"(1.01, 1.143]"
1304063,2022,Mumbai,2022-04-09,League,Abhishek Sharma,"Dr DY Patil Sports Academy, Mumbai",Chennai Super Kings,Sunrisers Hyderabad,Sunrisers Hyderabad,field,Sunrisers Hyderabad,wickets,8.0,155.0,20.0,N,,Navdeep Singh,Nitin Menon,1304063,155,Sunrisers Hyderabad,1,169.8,0.9128386336866902,"(0.876, 1.01]"
1304064,2022,Pune,2022-04-09,League,Anuj Rawat,"Maharashtra Cricket Association Stadium, Pune",Mumbai Indians,Royal Challengers Bangalore,Royal Challengers Bangalore,field,Royal Challengers Bangalore,wickets,7.0,152.0,20.0,N,,BNJ Oxenford,KN Ananthapadmanabhan,1304064,152,Royal Challengers Bangalore,1,181.66666666666666,0.8366972477064221,"(0.743, 0.876]"
1304065,2022,Mumbai,2022-04-10,League,Kuldeep Yadav,"Brabourne Stadium, Mumbai",Delhi Capitals,Kolkata Knight Riders,Kolkata Knight Riders,field,Delhi Capitals,runs,44.0,216.0,20.0,N,,CB Gaffaney,J Madanagopal,1304065,216,Kolkata Knight Riders,0,188.2,1.1477151965993624,"(1.143, 1.277]"
1304066,2022,Mumbai,2022-04-10,League,YS Chahal,"Wankhede Stadium, Mumbai",Rajasthan Royals,Lucknow Super Giants,Lucknow Super Giants,field,Rajasthan Royals,runs,3.0,166.0,20.0,N,,AK Chaudhary,Tapan Sharma,1304066,166,Lucknow Super Giants,0,169.64285714285714,0.9785263157894737,"(0.876, 1.01]"
1304067,2022,Mumbai,2022-04-11,League,KS Williamson,"Dr DY Patil Sports Academy, Mumbai",Gujarat Titans,Sunrisers Hyderabad,Sunrisers Hyderabad,field,Sunrisers Hyderabad,wickets,8.0,163.0,20.0,N,,Chirra Ravikanthreddy,RJ Tucker,1304067,163,Sunrisers Hyderabad,1,167.33333333333334,0.9741035856573704,"(0.876, 1.01]"
1304068,2022,Mumbai,2022-04-12,League,S Dube,"Dr DY Patil Sports Academy, Mumbai",Chennai Super Kings,Royal Challengers Bangalore,Royal Challengers Bangalore,field,Chennai Super Kings,runs,23.0,217.0,20.0,N,,Nitin Menon,N Pandit,1304068,217,Royal Challengers Bangalore,0,166.71428571428572,1.3016281062553556,"(1.277, 1.41]"
1304069,2022,Pune,2022-04-13,League,MA Agarwal,"Maharashtra Cricket Association Stadium, Pune",Punjab Kings,Mumbai Indians,Mumbai Indians,field,Punjab Kings,runs,12.0,199.0,20.0,N,,BNJ Oxenford,UV Gandhe,1304069,199,Mumbai Indians,0,174.25,1.1420373027259685,"(1.01, 1.143]"
1304070,2022,Mumbai,2022-04-14,League,HH Pandya,"Dr DY Patil Sports Academy, Mumbai",Gujarat Titans,Rajasthan Royals,Rajasthan Royals,field,Gujarat Titans,runs,37.0,193.0,20.0,N,,CB Gaffaney,R Pandit,1304070,193,Rajasthan Royals,0,173.0,1.115606936416185,"(1.01, 1.143]"
1304071,2022,Mumbai,2022-04-15,League,RA Tripathi,"Brabourne Stadium, Mumbai",Kolkata Knight Riders,Sunrisers Hyderabad,Sunrisers Hyderabad,field,Sunrisers Hyderabad,wickets,7.0,176.0,20.0,N,,GR Sadashiv Iyer,VK Sharma,1304071,176,Sunrisers Hyderabad,1,192.83333333333334,0.912705272255834,"(0.876, 1.01]"
1304072,2022,Mumbai,2022-04-16,League,KL Rahul,"Brabourne Stadium, Mumbai",Lucknow Super Giants,Mumbai Indians,Mumbai Indians,field,Lucknow Super Giants,runs,18.0,200.0,20.0,N,,AK Chaudhary,NA Patwardhan,1304072,200,Mumbai Indians,0,190.42857142857142,1.0502625656414104,"(1.01, 1.143]"
1304073,2022,Mumbai,2022-04-16,League,KD Karthik,"Wankhede Stadium, Mumbai",Royal Challengers Bangalore,Delhi Capitals,Delhi Capitals,field,Royal Challengers Bangalore,runs,16.0,190.0,20.0,N,,Chirra Ravikanthreddy,J Madanagopal,1304073,190,Delhi Capitals,0,169.4,1.1216056670602126,"(1.01, 1.143]"
1304074,2022,Mumbai,2022-04-17,League,Umran Malik,"Dr DY Patil Sports Academy, Mumbai",Punjab Kings,Sunrisers Hyderabad,Sunrisers Hyderabad,field,Sunrisers Hyderabad,wickets,7.0,152.0,20.0,N,,PG Pathak,R Pandit,1304074,152,Sunrisers Hyderabad,1,175.22222222222223,0.8674698795180723,"(0.743, 0.876]"
1304075,2022,Pune,2022-04-17,League,DA Miller,"Maharashtra Cricket Association Stadium, Pune",Chennai Super Kings,Gujarat Titans,Gujarat Titans,field,Gujarat Titans,wickets,3.0,170.0,20.0,N,,KN Ananthapadmanabhan,UV Gandhe,1304075,170,Gujarat Titans,1,179.2,0.9486607142857143,"(0.876, 1.01]"
1304076,2022,Mumbai,2022-04-18,League,YS Chahal,"Brabourne Stadium, Mumbai",Rajasthan Royals,Kolkata Knight Riders,Kolkata Knight Riders,field,Rajasthan Royals,runs,7.0,218.0,20.0,N,,GR Sadashiv Iyer,VK Sharma,1304076,218,Kolkata Knight Riders,0,191.625,1.1376386170906718,"(1.01, 1.143]"
1304077,2022,Mumbai,2022-04-19,League,F du Plessis,"Dr DY Patil Sports Academy, Mumbai",Royal Challengers Bangalore,Lucknow Super Giants,Lucknow Super Giants,field,Royal Challengers Bangalore,runs,18.0,182.0,20.0,N,,CB Gaffaney,N Pandit,1304077,182,Lucknow Super Giants,0,172.9,1.0526315789473684,"(1.01, 1.143]"
1304078,2022,Mumbai,2022-04-20,League,Kuldeep Yadav,"Brabourne Stadium, Mumbai",Punjab Kings,Delhi Capitals,Delhi Capitals,field,Delhi Capitals,wickets,9.0,116.0,20.0,N,,RJ Tucker,Tapan Sharma,1304078,116,Delhi Capitals,1,194.55555555555554,0.5962307252998287,"(0.476, 0.609]"
1304079,2022,Navi Mumbai,2022-04-21,League,Mukesh Choudhary,"Dr DY Patil Sports Academy, Mumbai",Mumbai Indians,Chennai Super Kings,Chennai Super Kings,field,Chennai Super Kings,wickets,3.0,156.0,20.0,N,,BNJ Oxenford,UV Gandhe,1304079,156,Chennai Super Kings,1,173.72727272727272,0.8979591836734694,"(0.876, 1.01]"
1304080,2022,Mumbai,2022-04-22,League,JC Buttler,"Wankhede Stadium, Mumbai",Rajasthan Royals,Delhi Capitals,Delhi Capitals,field,Rajasthan Royals,runs,15.0,223.0,20.0,N,,NA Patwardhan,Nitin Menon,1304080,223,Delhi Capitals,0,170.6875,1.306481142438667,"(1.277, 1.41]"
1304081,2022,Navi Mumbai,2022-04-23,League,Rashid Khan,"Dr DY Patil Sports Academy, Mumbai",Gujarat Titans,Kolkata Knight Riders,Gujarat Titans,bat,Gujarat Titans,runs,8.0,157.0,20.0,N,,KN Ananthapadmanabhan,UV Gandhe,1304081,157,Kolkata Knight Riders,0,172.25,0.9114658925979681,"(0.876, 1.01]"
1304082,2022,Mumbai,2022-04-23,League,M Jansen,"Brabourne Stadium, Mumbai",Royal Challengers Bangalore,Sunrisers Hyderabad,Sunrisers Hyderabad,field,Sunrisers Hyderabad,wickets,9.0,69.0,20.0,N,,Chirra Ravikanthreddy,J Madanagopal,1304082,69,Sunrisers Hyderabad,1,186.7,0.3695768612747724,"(0.341, 0.476]"
1304083,2022,Mumbai,2022-04-24,League,KL Rahul,"Wankhede Stadium, Mumbai",Lucknow Super Giants,Mumbai Indians,Mumbai Indians,field,Lucknow Super Giants,runs,36.0,169.0,20.0,N,,M Erasmus,HAS Khalid,1304083,169,Mumbai Indians,0,173.76470588235293,0.9725795531482736,"(0.876, 1.01]"
1304084,2022,Mumbai,2022-04-25,League,S Dhawan,"Wankhede Stadium, Mumbai",Punjab Kings,Chennai Super Kings,Chennai Super Kings,field,Punjab Kings,runs,11.0,188.0,20.0,N,,M Erasmus,Tapan Sharma,1304084,188,Chennai Super Kings,0,173.5,1.0835734870317002,"(1.01, 1.143]"
1304085,2022,Pune,2022-04-26,League,R Parag,"Maharashtra Cricket Association Stadium, Pune",Rajasthan Royals,Royal Challengers Bangalore,Royal Challengers Bangalore,field,Rajasthan Royals,runs,29.0,145.0,20.0,N,,BNJ Oxenford,KN Ananthapadmanabhan,1304085,145,Royal Challengers Bangalore,0,177.66666666666666,0.8161350844277674,"(0.743, 0.876]"
1304086,2022,Mumbai,2022-04-27,League,Umran Malik,"Wankhede Stadium, Mumbai",Sunrisers Hyderabad,Gujarat Titans,Gujarat Titans,field,Gujarat Titans,wickets,5.0,196.0,20.0,N,,CB Gaffaney,Navdeep Singh,1304086,196,Gujarat Titans,1,174.26315789473685,1.124735729386892,"(1.01, 1.143]"
1304087,2022,Mumbai,2022-04-28,League,Kuldeep Yadav,"Wankhede Stadium, Mumbai",Kolkata Knight Riders,Delhi Capitals,Delhi Capitals,field,Delhi Capitals,wickets,4.0,147.0,20.0,N,,AK Chaudhary,PG Pathak,1304087,147,Delhi Capitals,1,175.35,0.8383233532934132,"(0.743, 0.876]"
1304088,2022,Pune,2022-04-29,League,KH Pandya,"Maharashtra Cricket Association Stadium, Pune",Lucknow Super Giants,Punjab Kings,Punjab Kings,field,Lucknow Super Giants,runs,20.0,154.0,20.0,N,,MA Gough,UV Gandhe,1304088,154,Punjab Kings,0,173.0,0.8901734104046243,"(0.876, 1.01]"
1304089,2022,Mumbai,2022-04-30,League,R Tewatia,"Brabourne Stadium, Mumbai",Royal Challengers Bangalore,Gujarat Titans,Royal Challengers Bangalore,bat,Gujarat Titans,wickets,6.0,171.0,20.0,N,,HAS Khalid,VK Sharma,1304089,171,Gujarat Titans,1,176.0,0.9715909090909091,"(0.876, 1.01]"
1304090,2022,Navi Mumbai,2022-04-30,League,SA Yadav,"Dr DY Patil Sports Academy, Mumbai",Rajasthan Royals,Mumbai Indians,Mumbai Indians,field,Mumbai Indians,wickets,5.0,159.0,20.0,N,,BNJ Oxenford,YC Barde,1304090,159,Mumbai Indians,1,171.07692307692307,0.9294064748201439,"(0.876, 1.01]"
1304091,2022,Mumbai,2022-05-01,League,Mohsin Khan,"Wankhede Stadium, Mumbai",Lucknow Super Giants,Delhi Capitals,Lucknow Super Giants,bat,Lucknow Super Giants,runs,6.0,196.0,20.0,N,,Chirra Ravikanthreddy,CB Gaffaney,1304091,196,Delhi Capitals,0,174.0,1.1264367816091954,"(1.01, 1.143]"
1304092,2022,Pune,2022-05-01,League,RD Gaikwad,"Maharashtra Cricket Association Stadium, Pune",Chennai Super Kings,Sunrisers Hyderabad,Sunrisers Hyderabad,field,Chennai Super Kings,runs,13.0,203.0,20.0,N,,AK Chaudhary,KN Ananthapadmanabhan,1304092,203,Sunrisers Hyderabad,0,170.625,1.1897435897435897,"(1.143, 1.277]"
1304093,2022,Mumbai,2022-05-02,League,RK Singh,"Wankhede Stadium, Mumbai",Rajasthan Royals,Kolkata Knight Riders,Kolkata Knight Riders,field,Kolkata Knight Riders,wickets,7.0,153.0,20.0,N,,J Madanagopal,N Pandit,1304093,153,Kolkata Knight Riders,1,175.0,0.8742857142857143,"(0.743, 0.876]"
1304094,2022,Navi Mumbai,2022-05-03,League,K Rabada,"Dr DY Patil Sports Academy, Mumbai",Gujarat Titans,Punjab Kings,Gujarat Titans,bat,Punjab Kings,wickets,8.0,144.0,20.0,N,,R Pandit,VK Sharma,1304094,144,Punjab Kings,1,170.21428571428572,0.8459924464960134,"(0.743, 0.876]"
1304095,2022,Pune,2022-05-04,League,HV Patel,"Maharashtra Cricket Association Stadium, Pune",Royal Challengers Bangalore,Chennai Super Kings,Chennai Super Kings,field,Royal Challengers Bangalore,runs,13.0,174.0,20.0,N,,KN Ananthapadmanabhan,MA Gough,1304095,174,Chennai Super Kings,0,174.22222222222223,0.9987244897959183,"(0.876, 1.01]"
1304096,2022,Mumbai,2022-05-05,League,DA Warner,"Brabourne Stadium, Mumbai",Delhi Capitals,Sunrisers Hyderabad,Sunrisers Hyderabad,field,Delhi Capitals,runs,21.0,208.0,20.0,N,,Navdeep Singh,NA Patwardhan,1304096,208,Sunrisers Hyderabad,0,175.58333333333334,1.1846226862838158,"(1.143, 1.277]"
1304097,2022,Mumbai,2022-05-06,League,TH David,"Brabourne Stadium, Mumbai",Mumbai Indians,Gujarat Titans,Gujarat Titans,field,Mumbai Indians,runs,5.0,178.0,20.0,N,,J Madanagopal,GR Sadashiv Iyer,1304097,178,Gujarat Titans,0,178.07692307692307,0.9995680345572355,"(0.876, 1.01]"
1304098,2022,Mumbai,2022-05-07,League,YBK Jaiswal,"Wankhede Stadium, Mumbai",Punjab Kings,Rajasthan Royals,Punjab Kings,bat,Rajasthan Royals,wickets,6.0,190.0,20.0,N,,Chirra Ravikanthreddy,YC Barde,1304098,190,Rajasthan Royals,1,174.04347826086956,1.091681239070697,"(1.01, 1.143]"
1304099,2022,Pune,2022-05-07,League,Avesh Khan,"Maharashtra Cricket Association Stadium, Pune",Lucknow Super Giants,Kolkata Knight Riders,Kolkata Knight Riders,field,Lucknow Super Giants,runs,75.0,177.0,20.0,N,,AK Chaudhary,MA Gough,1304099,177,Kolkata Knight Riders,0,174.2,1.016073478760046,"(1.01, 1.143]"
1304100,2022,Mumbai,2022-05-08,League,PWH de Silva,"Wankhede Stadium, Mumbai",Royal Challengers Bangalore,Sunrisers Hyderabad,Royal Challengers Bangalore,bat,Royal Challengers Bangalore,runs,67.0,193.0,20.0,N,,BNJ Oxenford,N Pandit,1304100,193,Sunrisers Hyderabad,0,174.70833333333334,1.1046983067016456,"(1.01, 1.143]"
1304101,2022,Navi Mumbai,2022-05-08,League,DP Conway,"Dr DY Patil Sports Academy, Mumbai",Chennai Super Kings,Delhi Capitals,Delhi Capitals,field,Chennai Super Kings,runs,91.0,209.0,20.0,N,,Nitin Menon,R Pandit,1304101,209,Delhi Capitals,0,168.46666666666667,1.2406015037593985,"(1.143, 1.277]"
1304102,2022,Navi Mumbai,2022-05-09,League,JJ Bumrah,"Dr DY Patil Sports Academy, Mumbai",Kolkata Knight Riders,Mumbai Indians,Mumbai Indians,field,Kolkata Knight Riders,runs,52.0,166.0,20.0,N,,CB Gaffaney,GR Sadashiv Iyer,1304102,166,Mumbai Indians,0,171.0,0.9707602339181286,"(0.876, 1.01]"
1304103,2022,Pune,2022-05-10,League,Shubman Gill,"Maharashtra Cricket Association Stadium, Pune",Gujarat Titans,Lucknow Super Giants,Gujarat Titans,bat,Gujarat Titans,runs,62.0,145.0,20.0,N,,KN Ananthapadmanabhan,MA Gough,1304103,145,Lucknow Super Giants,0,174.45454545454547,0.8311620635747785,"(0.743, 0.876]"
1304104,2022,Navi Mumbai,2022-05-11,League,MR Marsh,"Dr DY Patil Sports Academy, Mumbai",Rajasthan Royals,Delhi Capitals,Delhi Capitals,field,Delhi Capitals,wickets,8.0,161.0,20.0,N,,NA Patwardhan,Nitin Menon,1304104,161,Delhi Capitals,1,170.7058823529412,0.9431426602343211,"(0.876, 1.01]"
1304105,2022,Mumbai,2022-05-12,League,DR Sams,"Wankhede Stadium, Mumbai",Chennai Super Kings,Mumbai Indians,Mumbai Indians,field,Mumbai Indians,wickets,5.0,98.0,20.0,N,,Chirra Ravikanthreddy,CB Gaffaney,1304105,98,Mumbai Indians,1,175.44,0.5585955312357501,"(0.476, 0.609]"
1304106,2022,Mumbai,2022-05-13,League,JM Bairstow,"Brabourne Stadium, Mumbai",Punjab Kings,Royal Challengers Bangalore,Royal Challengers Bangalore,field,Punjab Kings,runs,54.0,210.0,20.0,N,,J Madanagopal,N Pandit,1304106,210,Royal Challengers Bangalore,0,178.07142857142858,1.1793020457280383,"(1.143, 1.277]"
1304107,2022,Pune,2022-05-14,League,AD Russell,"Maharashtra Cricket Association Stadium, Pune",Kolkata Knight Riders,Sunrisers Hyderabad,Kolkata Knight Riders,bat,Kolkata Knight Riders,runs,54.0,178.0,20.0,N,,AK Chaudhary,KN Ananthapadmanabhan,1304107,178,Sunrisers Hyderabad,0,172.0,1.0348837209302326,"(1.01, 1.143]"
1304108,2022,Mumbai,2022-05-15,League,WP Saha,"Wankhede Stadium, Mumbai",Chennai Super Kings,Gujarat Titans,Chennai Super Kings,bat,Gujarat Titans,wickets,7.0,134.0,20.0,N,,R Pandit,VK Sharma,1304108,134,Gujarat Titans,1,172.46153846153845,0.7769848349687779,"(0.743, 0.876]"
1304109,2022,Mumbai,2022-05-15,League,TA Boult,"Brabourne Stadium, Mumbai",Rajasthan Royals,Lucknow Super Giants,Rajasthan Royals,bat,Rajasthan Royals,runs,24.0,179.0,20.0,N,,PG Pathak,Tapan Sharma,1304109,179,Lucknow Super Giants,0,180.2,0.9933407325194229,"(0.876, 1.01]"
1304110,2022,Navi Mumbai,2022-05-16,League,SN Thakur,"Dr DY Patil Sports Academy, Mumbai",Delhi Capitals,Punjab Kings,Punjab Kings,field,Delhi Capitals,runs,17.0,160.0,20.0,N,,GR Sadashiv Iyer,Nitin Menon,1304110,160,Punjab Kings,0,170.16666666666666,0.940254652301665,"(0.876, 1.01]"
1304111,2022,Mumbai,2022-05-17,League,RA Tripathi,"Wankhede Stadium, Mumbai",Sunrisers Hyderabad,Mumbai Indians,Mumbai Indians,field,Sunrisers Hyderabad,runs,3.0,194.0,20.0,N,,CB Gaffaney,N Pandit,1304111,194,Mumbai Indians,0,171.03703703703704,1.1342572542226073,"(1.01, 1.143]"
1304112,2022,Navi Mumbai,2022-05-18,League,Q de Kock,"Dr DY Patil Sports Academy, Mumbai",Lucknow Super Giants,Kolkata Knight Riders,Lucknow Super Giants,bat,Lucknow Super Giants,runs,2.0,211.0,20.0,N,,R Pandit,YC Barde,1304112,211,Kolkata Knight Riders,0,169.6315789473684,1.2438721687868446,"(1.143, 1.277]"
1304113,2022,Mumbai,2022-05-19,League,V Kohli,"Wankhede Stadium, Mumbai",Gujarat Titans,Royal Challengers Bangalore,Gujarat Titans,bat,Royal Challengers Bangalore,wickets,8.0,169.0,20.0,N,,KN Ananthapadmanabhan,GR Sadashiv Iyer,1304113,169,Royal Challengers Bangalore,1,171.85714285714286,0.9833748960931006,"(0.876, 1.01]"
1304114,2022,Mumbai,2022-05-20,League,R Ashwin,"Brabourne Stadium, Mumbai",Chennai Super Kings,Rajasthan Royals,Chennai Super Kings,bat,Rajasthan Royals,wickets,5.0,151.0,20.0,N,,CB Gaffaney,NA Patwardhan,1304114,151,Rajasthan Royals,1,180.125,0.8383067314365025,"(0.743, 0.876]"
1304115,2022,Mumbai,2022-05-21,League,JJ Bumrah,"Wankhede Stadium, Mumbai",Delhi Capitals,Mumbai Indians,Mumbai Indians,field,Mumbai Indians,wickets,5.0,160.0,20.0,N,,Nitin Menon,Tapan Sharma,1304115,160,Mumbai Indians,1,171.75862068965517,0.9315398514354547,"(0.876, 1.01]"
1304116,2022,Mumbai,2022-05-22,League,Harpreet Brar,"Wankhede Stadium, Mumbai",Sunrisers Hyderabad,Punjab Kings,Sunrisers Hyderabad,bat,Punjab Kings,wickets,5.0,158.0,20.0,N,,AK Chaudhary,NA Patwardhan,1304116,158,Punjab Kings,1,171.36666666666667,0.9219996109706282,"(0.876, 1.01]"
1312198,2022,Kolkata,2022-05-25,Eliminator,RM Patidar,"Eden Gardens, Kolkata",Royal Challengers Bangalore,Lucknow Super Giants,Lucknow Super Giants,field,Royal Challengers Bangalore,runs,14.0,208.0,20.0,N,,J Madanagopal,MA Gough,1312198,208,Lucknow Super Giants,0,189.0,1.1005291005291005,"(1.01, 1.143]"
1312199,2022,Ahmedabad,2022-05-27,Qualifier 2,JC Buttler,"Narendra Modi Stadium, Ahmedabad",Royal Challengers Bangalore,Rajasthan Royals,Rajasthan Royals,field,Rajasthan Royals,wickets,7.0,158.0,20.0,N,,CB Gaffaney,Nitin Menon,1312199,158,Rajasthan Royals,1,159.6,0.9899749373433584,"(0.876, 1.01]"
1312200,2022,Ahmedabad,2022-05-29,Final,HH Pandya,"Narendra Modi Stadium, Ahmedabad",Rajasthan Royals,Gujarat Titans,Rajasthan Royals,bat,Gujarat Titans,wickets,7.0,131.0,20.0,N,,CB Gaffaney,Nitin Menon,1312200,131,Gujarat Titans,1,159.33333333333334,0.8221757322175731,"(0.743, 0.876]"
1359475,2023,Ahmedabad,2023-03-31,League,Rashid Khan,"Narendra Modi Stadium, Ahmedabad",Chennai Super Kings,Gujarat Titans,Gujarat Titans,field,Gujarat Titans,wickets,5.0,179.0,20.0,N,,Nitin Menon,HAS Khalid,1359475,179,Gujarat Titans,1,155.28571428571428,1.1527138914443422,"(1.143, 1.277]"
1359480,2023,Chennai,2023-04-03,League,MM Ali,"MA Chidambaram Stadium, Chepauk, Chennai",Chennai Super Kings,Lucknow Super Giants,Lucknow Super Giants,field,Chennai Super Kings,runs,12.0,218.0,20.0,N,,A Totre,BNJ Oxenford,1359480,218,Lucknow Super Giants,0,155.8,1.3992297817715018,"(1.277, 1.41]"
1359481,2023,Delhi,2023-04-04,League,B Sai Sudharsan,"Arun Jaitley Stadium, Delhi",Delhi Capitals,Gujarat Titans,Gujarat Titans,field,Gujarat Titans,wickets,6.0,163.0,20.0,N,,A Nand Kishore,GR Sadashiv Iyer,1359481,163,Gujarat Titans,1,196.0,0.8316326530612245,"(0.743, 0.876]"
1359483,2023,Kolkata,2023-04-06,League,SN Thakur,"Eden Gardens, Kolkata",Kolkata Knight Riders,Royal Challengers Bangalore,Royal Challengers Bangalore,field,Kolkata Knight Riders,runs,81.0,205.0,20.0,N,,Vinod Seshan,VK Sharma,1359483,205,Royal Challengers Bangalore,0,198.5,1.0327455919395465,"(1.01, 1.143]"
1359484,2023,Lucknow,2023-04-07,League,KH Pandya,"Bharat Ratna Shri Atal Bihari Vajpayee Ekana Cricket Stadium, Lucknow",Sunrisers Hyderabad,Lucknow Super Giants,Sunrisers Hyderabad,bat,Lucknow Super Giants,wickets,5.0,122.0,20.0,N,,J Madanagopal,YC Barde,1359484,122,Lucknow Super Giants,1,194.0,0.6288659793814433,"(0.609, 0.743]"
1359485,2023,Guwahati,2023-04-08,League,YBK Jaiswal,"Barsapara Cricket Stadium, Guwahati",Rajasthan Royals,Delhi Capitals,Delhi Capitals,field,Rajasthan Royals,runs,57.0,200.0,20.0,N,,Navdeep Singh,MV Saidharshan Kumar,1359485,200,Delhi Capitals,0,198.0,1.0101010101010102,"(1.01, 1.143]"
1359486,2023,Mumbai,2023-04-08,League,RA Jadeja,"Wankhede Stadium, Mumbai",Mumbai Indians,Chennai Super Kings,Chennai Super Kings,field,Chennai Super Kings,wickets,7.0,158.0,20.0,N,,CB Gaffaney,NA Patwardhan,1359486,158,Chennai Super Kings,1,170.93548387096774,0.9243253444046047,"(0.876, 1.01]"
1359487,2023,Ahmedabad,2023-04-09,League,RK Singh,"Narendra Modi Stadium, Ahmedabad",Gujarat Titans,Kolkata Knight Riders,Gujarat Titans,bat,Kolkata Knight Riders,wickets,3.0,205.0,20.0,N,,Nitin Menon,Tapan Sharma,1359487,205,Kolkata Knight Riders,1,158.25,1.2954186413902053,"(1.277, 1.41]"
1359488,2023,Hyderabad,2023-04-09,League,S Dhawan,"Rajiv Gandhi International Stadium, Uppal, Hyderabad",Punjab Kings,Sunrisers Hyderabad,Sunrisers Hyderabad,field,Sunrisers Hyderabad,wickets,8.0,144.0,20.0,N,,BNJ Oxenford,UV Gandhe,1359488,144,Sunrisers Hyderabad,1,204.0,0.7058823529411765,"(0.609, 0.743]"
1359489,2023,Bengaluru,2023-04-10,League,N Pooran,"M Chinnaswamy Stadium, Bengaluru",Royal Challengers Bangalore,Lucknow Super Giants,Lucknow Super Giants,field,Lucknow Super Giants,wickets,1.0,213.0,20.0,N,,AK Chaudhary,A Nand Kishore,1359489,213,Lucknow Super Giants,1,172.0,1.2383720930232558,"(1.143, 1.277]"
1359490,2023,Delhi,2023-04-11,League,RG Sharma,"Arun Jaitley Stadium, Delhi",Delhi Capitals,Mumbai Indians,Mumbai Indians,field,Mumbai Indians,wickets,6.0,173.0,20.0,N,,MA Gough,R Pandit,1359490,173,Mumbai Indians,1,189.4,0.9134107708553326,"(0.876, 1.01]"
1359491,2023,Chennai,2023-04-12,League,R Ashwin,"MA Chidambaram Stadium, Chepauk, Chennai",Rajasthan Royals,Chennai Super Kings,Chennai Super Kings,field,Rajasthan Royals,runs,3.0,176.0,20.0,N,,Vinod Seshan,VK Sharma,1359491,176,Chennai Super Kings,0,161.45454545454547,1.09009009009009,"(1.01, 1.143]"
1359492,2023,Chandigarh,2023-04-13,League,MM Sharma,"Punjab Cricket Association IS Bindra Stadium, Mohali, Chandigarh",Punjab Kings,Gujarat Titans,Gujarat Titans,field,Gujarat Titans,wickets,6.0,154.0,20.0,N,,A Totre,J Madanagopal,1359492,154,Gujarat Titans,1,192.0,0.8020833333333334,"(0.743, 0.876]"
1359493,2023,Kolkata,2023-04-14,League,HC Brook,"Eden Gardens, Kolkata",Sunrisers Hyderabad,Kolkata Knight Riders,Kolkata Knight Riders,field,Sunrisers Hyderabad,runs,23.0,229.0,20.0,N,,CB Gaffaney,GR Sadashiv Iyer,1359493,229,Kolkata Knight Riders,0,200.66666666666666,1.1411960132890366,"(1.01, 1.143]"
1359494,2023,Bengaluru,2023-04-15,League,V Kohli,"M Chinnaswamy Stadium, Bengaluru",Royal Challengers Bangalore,Delhi Capitals,Delhi Capitals,field,Royal Challengers Bangalore,runs,23.0,175.0,20.0,N,,KN Ananthapadmanabhan,MV Saidharshan Kumar,1359494,175,Delhi Capitals,0,192.5,0.9090909090909091,"(0.876, 1.01]"
1359495,2023,Lucknow,2023-04-15,League,Sikandar Raza,"Bharat Ratna Shri Atal Bihari Vajpayee Ekana Cricket Stadium, Lucknow",Lucknow Super Giants,Punjab Kings,Punjab Kings,field,Punjab Kings,wickets,2.0,160.0,20.0,N,,HAS Khalid,VK Sharma,1359495,160,Punjab Kings,1,158.0,1.0126582278481013,"(1.01, 1.143]"
1359496,2023,Mumbai,2023-04-16,League,VR Iyer,"Wankhede Stadium, Mumbai",Kolkata Knight Riders,Mumbai Indians,Mumbai Indians,field,Mumbai Indians,wickets,5.0,186.0,20.0,N,,BNJ Oxenford,UV Gandhe,1359496,186,Mumbai Indians,1,170.53125,1.0907091808686091,"(1.01, 1.143]"
1359497,2023,Ahmedabad,2023-04-16,League,SO Hetmyer,"Narendra Modi Stadium, Ahmedabad",Gujarat Titans,Rajasthan Royals,Rajasthan Royals,field,Rajasthan Royals,wickets,3.0,178.0,20.0,N,,AK Chaudhary,CB Gaffaney,1359497,178,Rajasthan Royals,1,163.44444444444446,1.089055064581917,"(1.01, 1.143]"
1359498,2023,Bengaluru,2023-04-17,League,DP Conway,"M Chinnaswamy Stadium, Bengaluru",Chennai Super Kings,Royal Challengers Bangalore,Royal Challengers Bangalore,field,Chennai Super Kings,runs,8.0,227.0,20.0,N,,KN Ananthapadmanabhan,Navdeep Singh,1359498,227,Royal Challengers Bangalore,0,186.66666666666666,1.2160714285714287,"(1.143, 1.277]"
1359499,2023,Hyderabad,2023-04-18,League,C Green,"Rajiv Gandhi International Stadium, Uppal, Hyderabad",Mumbai Indians,Sunrisers Hyderabad,Sunrisers Hyderabad,field,Mumbai Indians,runs,14.0,193.0,20.0,N,,Nitin Menon,Vinod Seshan,1359499,193,Sunrisers Hyderabad,0,174.0,1.1091954022988506,"(1.01, 1.143]"
1359501,2023,Chandigarh,2023-04-20,League,Mohammed Siraj,"Punjab Cricket Association IS Bindra Stadium, Mohali, Chandigarh",Royal Challengers Bangalore,Punjab Kings,Punjab Kings,field,Royal Challengers Bangalore,runs,24.0,175.0,20.0,N,,AK Chaudhary,GR Sadashiv Iyer,1359501,175,Punjab Kings,0,173.0,1.0115606936416186,"(1.01, 1.143]"
1359502,2023,Delhi,2023-04-20,League,I Sharma,"Arun Jaitley Stadium, Delhi",Kolkata Knight Riders,Delhi Capitals,Delhi Capitals,field,Delhi Capitals,wickets,4.0,128.0,20.0,N,,MA Gough,R Pandit,1359502,128,Delhi Capitals,1,186.66666666666666,0.6857142857142857,"(0.609, 0.743]"
1359503,2023,Chennai,2023-04-21,League,RA Jadeja,"MA Chidambaram Stadium, Chepauk, Chennai",Sunrisers Hyderabad,Chennai Super Kings,Chennai Super Kings,field,Chennai Super Kings,wickets,7.0,135.0,20.0,N,,HAS Khalid,VK Sharma,1359503,135,Chennai Super Kings,1,162.66666666666666,0.8299180327868853,"(0.743, 0.876]"
1359504,2023,Lucknow,2023-04-22,League,MM Sharma,"Bharat Ratna Shri Atal Bihari Vajpayee Ekana Cricket Stadium, Lucknow",Gujarat Titans,Lucknow Super Giants,Gujarat Titans,bat,Gujarat Titans,runs,7.0,136.0,20.0,N,,A Totre,RJ Tucker,1359504,136,Lucknow Super Giants,0,158.66666666666666,0.8571428571428572,"(0.743, 0.876]"
1359505,2023,Mumbai,2023-04-22,League,SM Curran,"Wankhede Stadium, Mumbai",Punjab Kings,Mumbai Indians,Mumbai Indians,field,Punjab Kings,runs,13.0,215.0,20.0,N,,CB Gaffaney,GR Sadashiv Iyer,1359505,215,Mumbai Indians,0,171.0,1.2573099415204678,"(1.143, 1.277]"
1359506,2023,Bengaluru,2023-04-23,League,GJ Maxwell,"M Chinnaswamy Stadium, Bengaluru",Royal Challengers Bangalore,Rajasthan Royals,Rajasthan Royals,field,Royal Challengers Bangalore,runs,7.0,190.0,20.0,N,,MA Gough,MV Saidharshan Kumar,1359506,190,Rajasthan Royals,0,196.75,0.96569250317662,"(0.876, 1.01]"
1359507,2023,Kolkata,2023-04-23,League,AM Rahane,"Eden Gardens, Kolkata",Chennai Super Kings,Kolkata Knight Riders,Kolkata Knight Riders,field,Chennai Super Kings,runs,49.0,236.0,20.0,N,,Nitin Menon,Tapan Sharma,1359507,236,Kolkata Knight Riders,0,207.75,1.1359807460890494,"(1.01, 1.143]"
1359508,2023,Hyderabad,2023-04-24,League,AR Patel,"Rajiv Gandhi International Stadium, Uppal, Hyderabad",Delhi Capitals,Sunrisers Hyderabad,Delhi Capitals,bat,Delhi Capitals,runs,7.0,145.0,20.0,N,,J Madanagopal,RJ Tucker,1359508,145,Sunrisers Hyderabad,0,180.33333333333334,0.8040665434380776,"(0.743, 0.876]"
1359509,2023,Ahmedabad,2023-04-25,League,A Manohar,"Narendra Modi Stadium, Ahmedabad",Gujarat Titans,Mumbai Indians,Mumbai Indians,field,Gujarat Titans,runs,55.0,208.0,20.0,N,,AK Chaudhary,A Nand Kishore,1359509,208,Mumbai Indians,0,164.9,1.2613705275924803,"(1.143, 1.277]"
1359510,2023,Bengaluru,2023-04-26,League,CV Varun,"M Chinnaswamy Stadium, Bengaluru",Kolkata Knight Riders,Royal Challengers Bangalore,Royal Challengers Bangalore,field,Kolkata Knight Riders,runs,21.0,201.0,20.0,N,,KN Ananthapadmanabhan,R Pandit,1359510,201,Royal Challengers Bangalore,0,195.4,1.0286591606960083,"(1.01, 1.143]"
1359511,2023,Jaipur,2023-04-27,League,YBK Jaiswal,"Sawai Mansingh Stadium, Jaipur",Rajasthan Royals,Chennai Super Kings,Rajasthan Royals,bat,Rajasthan Royals,runs,32.0,203.0,20.0,N,,A Totre,YC Barde,1359511,203,Chennai Super Kings,0,155.0,1.3096774193548386,"(1.277, 1.41]"
1359512,2023,Chandigarh,2023-04-28,League,MP Stoinis,"Punjab Cricket Association IS Bindra Stadium, Mohali, Chandigarh",Lucknow Super Giants,Punjab Kings,Punjab Kings,field,Lucknow Super Giants,runs,56.0,258.0,20.0,N,,Nitin Menon,Vinod Seshan,1359512,258,Punjab Kings,0,173.66666666666666,1.4856046065259119,"(1.41, 1.544]"
1359513,2023,Kolkata,2023-04-29,League,J Little,"Eden Gardens, Kolkata",Kolkata Knight Riders,Gujarat Titans,Gujarat Titans,field,Gujarat Titans,wickets,7.0,180.0,20.0,N,,NA Patwardhan,GR Sadashiv Iyer,1359513,180,Gujarat Titans,1,213.4,0.8434864104967198,"(0.743, 0.876]"
1359514,2023,Delhi,2023-04-29,League,MR Marsh,"Arun Jaitley Stadium, Delhi",Sunrisers Hyderabad,Delhi Capitals,Sunrisers Hyderabad,bat,Sunrisers Hyderabad,runs,9.0,198.0,20.0,N,,MA Gough,Navdeep Singh,1359514,198,Delhi Capitals,0,178.28571428571428,1.1105769230769231,"(1.01, 1.143]"
1359515,2023,Chennai,2023-04-30,League,DP Conway,"MA Chidambaram Stadium, Chepauk, Chennai",Chennai Super Kings,Punjab Kings,Chennai Super Kings,bat,Punjab Kings,wickets,4.0,201.0,20.0,N,,RJ Tucker,UV Gandhe,1359515,201,Punjab Kings,1,160.53846153846155,1.2520364159080017,"(1.143, 1.277]"
1359516,2023,Mumbai,2023-04-30,League,YBK Jaiswal,"Wankhede Stadium, Mumbai",Rajasthan Royals,Mumbai Indians,Rajasthan Royals,bat,Mumbai Indians,wickets,6.0,213.0,20.0,N,,Vinod Seshan,VK Sharma,1359516,213,Mumbai Indians,1,172.2941176470588,1.2362581085694777,"(1.143, 1.277]"
1359517,2023,Lucknow,2023-05-01,League,F du Plessis,"Bharat Ratna Shri Atal Bihari Vajpayee Ekana Cricket Stadium, Lucknow",Royal Challengers Bangalore,Lucknow Super Giants,Royal Challengers Bangalore,bat,Royal Challengers Bangalore,runs,18.0,127.0,20.0,N,,AK Chaudhary,GR Sadashiv Iyer,1359517,127,Lucknow Super Giants,0,153.0,0.8300653594771242,"(0.743, 0.876]"
1359518,2023,Ahmedabad,2023-05-02,League,Mohammed Shami,"Narendra Modi Stadium, Ahmedabad",Delhi Capitals,Gujarat Titans,Delhi Capitals,bat,Delhi Capitals,runs,5.0,131.0,20.0,N,,MA Gough,R Pandit,1359518,131,Gujarat Titans,0,168.8181818181818,0.7759827679052235,"(0.743, 0.876]"
1359519,2023,Lucknow,2023-05-03,League,,"Bharat Ratna Shri Atal Bihari Vajpayee Ekana Cricket Stadium, Lucknow",Lucknow Super Giants,Chennai Super Kings,Chennai Super Kings,field,,no result,,,,N,,AK Chaudhary,NA Patwardhan,1359519,126,Chennai Super Kings,0,147.8,0.8525033829499322,"(0.743, 0.876]"
1359520,2023,Chandigarh,2023-05-03,League,Ishan Kishan,"Punjab Cricket Association IS Bindra Stadium, Mohali, Chandigarh",Punjab Kings,Mumbai Indians,Mumbai Indians,field,Mumbai Indians,wickets,6.0,215.0,20.0,N,,J Madanagopal,RJ Tucker,1359520,215,Mumbai Indians,1,194.75,1.10397946084724,"(1.01, 1.143]"
1359521,2023,Hyderabad,2023-05-04,League,CV Varun,"Rajiv Gandhi International Stadium, Uppal, Hyderabad",Kolkata Knight Riders,Sunrisers Hyderabad,Kolkata Knight Riders,bat,Kolkata Knight Riders,runs,5.0,172.0,20.0,N,,KN Ananthapadmanabhan,MA Gough,1359521,172,Sunrisers Hyderabad,0,171.5,1.0029154518950438,"(0.876, 1.01]"
1359522,2023,Jaipur,2023-05-05,League,Rashid Khan,"Sawai Mansingh Stadium, Jaipur",Rajasthan Royals,Gujarat Titans,Rajasthan Royals,bat,Gujarat Titans,wickets,9.0,119.0,20.0,N,,HAS Khalid,VK Sharma,1359522,119,Gujarat Titans,1,179.0,0.664804469273743,"(0.609, 0.743]"
1359523,2023,Chennai,2023-05-06,League,M Pathirana,"MA Chidambaram Stadium, Chepauk, Chennai",Mumbai Indians,Chennai Super Kings,Chennai Super Kings,field,Chennai Super Kings,wickets,6.0,140.0,20.0,N,,BNJ Oxenford,Navdeep Singh,1359523,140,Chennai Super Kings,1,163.42857142857142,0.8566433566433567,"(0.743, 0.876]"
1359524,2023,Delhi,2023-05-06,League,PD Salt,"Arun Jaitley Stadium, Delhi",Royal Challengers Bangalore,Delhi Capitals,Royal Challengers Bangalore,bat,Delhi Capitals,wickets,7.0,182.0,20.0,N,,RJ Tucker,YC Barde,1359524,182,Delhi Capitals,1,180.75,1.0069156293222683,"(0.876, 1.01]"
1359525,2023,Ahmedabad,2023-05-07,League,Shubman Gill,"Narendra Modi Stadium, Ahmedabad",Gujarat Titans,Lucknow Super Giants,Lucknow Super Giants,field,Gujarat Titans,runs,56.0,228.0,20.0,N,,AK Chaudhary,A Nand Kishore,1359525,228,Lucknow Super Giants,0,165.66666666666666,1.37625754527163,"(1.277, 1.41]"
1359526,2023,Jaipur,2023-05-07,League,GD Phillips,"Sawai Mansingh Stadium, Jaipur",Rajasthan Royals,Sunrisers Hyderabad,Rajasthan Royals,bat,Sunrisers Hyderabad,wickets,4.0,215.0,20.0,N,,Nitin Menon,Vinod Seshan,1359526,215,Sunrisers Hyderabad,1,159.0,1.3522012578616351,"(1.277, 1.41]"
1359527,2023,Kolkata,2023-05-08,League,AD Russell,"Eden Gardens, Kolkata",Punjab Kings,Kolkata Knight Riders,Punjab Kings,bat,Kolkata Knight Riders,wickets,5.0,180.0,20.0,N,,A Totre,J Madanagopal,1359527,180,Kolkata Knight Riders,1,207.83333333333334,0.8660785886126704,"(0.743, 0.876]"
1359528,2023,Mumbai,2023-05-09,League,SA Yadav,"Wankhede Stadium, Mumbai",Royal Challengers Bangalore,Mumbai Indians,Mumbai Indians,field,Mumbai Indians,wickets,6.0,200.0,20.0,N,,HAS Khalid,VK Sharma,1359528,200,Mumbai Indians,1,173.45714285714286,1.1530225662987976,"(1.143, 1.277]"
1359529,2023,Chennai,2023-05-10,League,RA Jadeja,"MA Chidambaram Stadium, Chepauk, Chennai",Chennai Super Kings,Delhi Capitals,Chennai Super Kings,bat,Chennai Super Kings,runs,27.0,168.0,20.0,N,,CB Gaffaney,NA Patwardhan,1359529,168,Delhi Capitals,0,161.86666666666667,1.0378912685337727,"(1.01, 1.143]"
1359530,2023,Kolkata,2023-05-11,League,YBK Jaiswal,"Eden Gardens, Kolkata",Kolkata Knight Riders,Rajasthan Royals,Rajasthan Royals,field,Rajasthan Royals,wickets,9.0,150.0,20.0,N,,RJ Tucker,MV Saidharshan Kumar,1359530,150,Rajasthan Royals,1,203.85714285714286,0.7358093903293623,"(0.609, 0.743]"
1359531,2023,Mumbai,2023-05-12,League,SA Yadav,"Wankhede Stadium, Mumbai",Mumbai Indians,Gujarat Titans,Gujarat Titans,field,Mumbai Indians,runs,27.0,219.0,20.0,N,,Nitin Menon,Tapan Sharma,1359531,219,Gujarat Titans,0,174.19444444444446,1.2572157550629883,"(1.143, 1.277]"
1359532,2023,Hyderabad,2023-05-13,League,PN Mankad,"Rajiv Gandhi International Stadium, Uppal, Hyderabad",Sunrisers Hyderabad,Lucknow Super Giants,Sunrisers Hyderabad,bat,Lucknow Super Giants,wickets,7.0,183.0,20.0,N,,A Totre,J Madanagopal,1359532,183,Lucknow Super Giants,1,171.6,1.0664335664335665,"(1.01, 1.143]"
1359533,2023,Delhi,2023-05-13,League,P Simran Singh,"Arun Jaitley Stadium, Delhi",Punjab Kings,Delhi Capitals,Delhi Capitals,field,Punjab Kings,runs,31.0,168.0,20.0,N,,CB Gaffaney,NA Patwardhan,1359533,168,Delhi Capitals,0,180.88888888888889,0.9287469287469288,"(0.876, 1.01]"
1359534,2023,Jaipur,2023-05-14,League,WD Parnell,"Sawai Mansingh Stadium, Jaipur",Royal Challengers Bangalore,Rajasthan Royals,Royal Challengers Bangalore,bat,Royal Challengers Bangalore,runs,112.0,172.0,20.0,N,,KN Ananthapadmanabhan,Navdeep Singh,1359534,172,Rajasthan Royals,0,173.0,0.9942196531791907,"(0.876, 1.01]"
1359535,2023,Chennai,2023-05-14,League,RK Singh,"MA Chidambaram Stadium, Chepauk, Chennai",Chennai Super Kings,Kolkata Knight Riders,Chennai Super Kings,bat,Kolkata Knight Riders,wickets,6.0,145.0,20.0,N,,Tapan Sharma,Vinod Seshan,1359535,145,Kolkata Knight Riders,1,162.25,0.8936825885978429,"(0.876, 1.01]"
1359536,2023,Ahmedabad,2023-05-15,League,Shubman Gill,"Narendra Modi Stadium, Ahmedabad",Gujarat Titans,Sunrisers Hyderabad,Sunrisers Hyderabad,field,Gujarat Titans,runs,34.0,189.0,20.0,N,,J Madanagopal,UV Gandhe,1359536,189,Sunrisers Hyderabad,0,170.46153846153845,1.108754512635379,"(1.01, 1.143]"
1359537,2023,Lucknow,2023-05-16,League,MP Stoinis,"Bharat Ratna Shri Atal Bihari Vajpayee Ekana Cricket Stadium, Lucknow",Lucknow Super Giants,Mumbai Indians,Mumbai Indians,field,Lucknow Super Giants,runs,5.0,178.0,20.0,N,,AK Chaudhary,A Nand Kishore,1359537,178,Mumbai Indians,0,144.16666666666666,1.2346820809248555,"(1.143, 1.277]"
1359539,2023,Hyderabad,2023-05-18,League,V Kohli,"Rajiv Gandhi International Stadium, Uppal, Hyderabad",Sunrisers Hyderabad,Royal Challengers Bangalore,Royal Challengers Bangalore,field,Royal Challengers Bangalore,wickets,8.0,187.0,20.0,N,,BNJ Oxenford,VK Sharma,1359539,187,Royal Challengers Bangalore,1,173.5,1.0778097982708934,"(1.01, 1.143]"
1359540,2023,Dharamsala,2023-05-19,League,D Padikkal,"Himachal Pradesh Cricket Association Stadium, Dharamsala",Punjab Kings,Rajasthan Royals,Rajasthan Royals,field,Rajasthan Royals,wickets,4.0,188.0,20.0,N,,A Nand Kishore,RJ Tucker,1359540,188,Rajasthan Royals,1,214.0,0.8785046728971962,"(0.876, 1.01]"
1359541,2023,Delhi,2023-05-20,League,RD Gaikwad,"Arun Jaitley Stadium, Delhi",Chennai Super Kings,Delhi Capitals,Chennai Super Kings,bat,Chennai Super Kings,runs,77.0,224.0,20.0,N,,CB Gaffaney,NA Patwardhan,1359541,224,Delhi Capitals,0,179.6,1.247216035634744,"(1.143, 1.277]"
1359542,2023,Kolkata,2023-05-20,League,N Pooran,"Eden Gardens, Kolkata",Lucknow Super Giants,Kolkata Knight Riders,Kolkata Knight Riders,field,Lucknow Super Giants,runs,1.0,177.0,20.0,N,,J Madanagopal,UV Gandhe,1359542,177,Kolkata Knight Riders,0,197.125,0.8979074191502854,"(0.876, 1.01]"
1359543,2023,Mumbai,2023-05-21,League,C Green,"Wankhede Stadium, Mumbai",Sunrisers Hyderabad,Mumbai Indians,Mumbai Indians,field,Mumbai Indians,wickets,8.0,201.0,20.0,N,,KN Ananthapadmanabhan,RJ Tucker,1359543,201,Mumbai Indians,1,175.40540540540542,1.1459167950693374,"(1.143, 1.277]"
1359544,2023,Bengaluru,2023-05-21,League,Shubman Gill,"M Chinnaswamy Stadium, Bengaluru",Royal Challengers Bangalore,Gujarat Titans,Gujarat Titans,field,Gujarat Titans,wickets,6.0,198.0,20.0,N,,Nitin Menon,VK Sharma,1359544,198,Gujarat Titans,1,196.33333333333334,1.0084889643463497,"(0.876, 1.01]"
1370350,2023,Chennai,2023-05-23,Qualifier 1,RD Gaikwad,"MA Chidambaram Stadium, Chepauk, Chennai",Chennai Super Kings,Gujarat Titans,Gujarat Titans,field,Chennai Super Kings,runs,15.0,173.0,20.0,N,,AK Chaudhary,CB Gaffaney,1370350,173,Gujarat Titans,0,161.23529411764707,1.0729660707770885,"(1.01, 1.143]"
1370351,2023,Chennai,2023-05-24,Eliminator,Akash Madhwal,"MA Chidambaram Stadium, Chepauk, Chennai",Mumbai Indians,Lucknow Super Giants,Mumbai Indians,bat,Mumbai Indians,runs,81.0,183.0,20.0,N,,BNJ Oxenford,VK Sharma,1370351,183,Lucknow Super Giants,0,161.88888888888889,1.1304049416609472,"(1.01, 1.143]"
1370352,2023,Ahmedabad,2023-05-26,Qualifier 2,Shubman Gill,"Narendra Modi Stadium, Ahmedabad",Gujarat Titans,Mumbai Indians,Mumbai Indians,field,Gujarat Titans,runs,62.0,234.0,20.0,N,,Nitin Menon,RJ Tucker,1370352,234,Mumbai Indians,0,171.78571428571428,1.3621621621621622,"(1.277, 1.41]"
1370353,2023,Ahmedabad,2023-05-29,Final,DP Conway,"Narendra Modi Stadium, Ahmedabad",Gujarat Titans,Chennai Super Kings,Chennai Super Kings,field,Chennai Super Kings,wickets,5.0,171.0,15.0,N,D/L,Nitin Menon,RJ Tucker,1370353,215,Chennai Super Kings,1,175.93333333333334,1.2220538082607049,"(1.143, 1.277]"
1422119,2024,Chennai,2024-03-22,League,Mustafizur Rahman,"MA Chidambaram Stadium, Chepauk, Chennai",Royal Challengers Bengaluru,Chennai Super Kings,Royal Challengers Bengaluru,bat,Chennai Super Kings,wickets,6.0,174.0,20.0,N,,HAS Khalid,VK Sharma,1422119,174,Chennai Super Kings,1,163.0,1.0674846625766872,"(1.01, 1.143]"
1422121,2024,Kolkata,2024-03-23,League,AD Russell,"Eden Gardens, Kolkata",Kolkata Knight Riders,Sunrisers Hyderabad,Sunrisers Hyderabad,field,Kolkata Knight Riders,runs,4.0,209.0,20.0,N,,R Pandit,YC Barde,1422121,209,Sunrisers Hyderabad,0,194.88888888888889,1.072405929304447,"(1.01, 1.143]"
1422122,2024,Jaipur,2024-03-24,League,SV Samson,"Sawai Mansingh Stadium, Jaipur",Rajasthan Royals,Lucknow Super Giants,Rajasthan Royals,bat,Rajasthan Royals,runs,20.0,194.0,20.0,N,,A Totre,HDPK Dharmasena,1422122,194,Lucknow Super Giants,0,172.8,1.1226851851851851,"(1.01, 1.143]"
1422123,2024,Ahmedabad,2024-03-24,League,B Sai Sudharsan,"Narendra Modi Stadium, Ahmedabad",Gujarat Titans,Mumbai Indians,Mumbai Indians,field,Gujarat Titans,runs,6.0,169.0,20.0,N,,VA Kulkarni,VK Sharma,1422123,169,Mumbai Indians,0,178.375,0.9474421864050455,"(0.876, 1.01]"
1422124,2024,Bengaluru,2024-03-25,League,V Kohli,"M Chinnaswamy Stadium, Bengaluru",Punjab Kings,Royal Challengers Bengaluru,Royal Challengers Bengaluru,field,Royal Challengers Bengaluru,wickets,4.0,177.0,20.0,N,,AK Chaudhary,MV Saidharshan Kumar,1422124,177,Royal Challengers Bengaluru,1,196.57142857142858,0.9004360465116279,"(0.876, 1.01]"
1422125,2024,Chennai,2024-03-26,League,S Dube,"MA Chidambaram Stadium, Chepauk, Chennai",Chennai Super Kings,Gujarat Titans,Gujarat Titans,field,Chennai Super Kings,runs,63.0,207.0,20.0,N,,AG Wharf,Tapan Sharma,1422125,207,Gujarat Titans,0,163.55,1.2656679914399265,"(1.143, 1.277]"
1422126,2024,Hyderabad,2024-03-27,League,Abhishek Sharma,"Rajiv Gandhi International Stadium, Uppal, Hyderabad",Sunrisers Hyderabad,Mumbai Indians,Mumbai Indians,field,Sunrisers Hyderabad,runs,31.0,278.0,20.0,N,,KN Ananthapadmanabhan,UV Gandhe,1422126,278,Mumbai Indians,0,175.42857142857142,1.5846905537459284,"(1.544, 1.677]"
1422127,2024,Jaipur,2024-03-28,League,R Parag,"Sawai Mansingh Stadium, Jaipur",Rajasthan Royals,Delhi Capitals,Delhi Capitals,field,Rajasthan Royals,runs,12.0,186.0,20.0,N,,A Nand Kishore,Nitin Menon,1422127,186,Delhi Capitals,0,176.33333333333334,1.0548204158790169,"(1.01, 1.143]"
1422128,2024,Bengaluru,2024-03-29,League,SP Narine,"M Chinnaswamy Stadium, Bengaluru",Royal Challengers Bengaluru,Kolkata Knight Riders,Kolkata Knight Riders,field,Kolkata Knight Riders,wickets,7.0,183.0,20.0,N,,AK Chaudhary,R Pandit,1422128,183,Kolkata Knight Riders,1,194.125,0.9426915647134578,"(0.876, 1.01]"
1422129,2024,Lucknow,2024-03-30,League,MP Yadav,"Bharat Ratna Shri Atal Bihari Vajpayee Ekana Cricket Stadium, Lucknow",Lucknow Super Giants,Punjab Kings,Lucknow Super Giants,bat,Lucknow Super Giants,runs,21.0,200.0,20.0,N,,J Madanagopal,Navdeep Singh,1422129,200,Punjab Kings,0,149.0,1.342281879194631,"(1.277, 1.41]"
1422130,2024,Ahmedabad,2024-03-31,League,MM Sharma,"Narendra Modi Stadium, Ahmedabad",Sunrisers Hyderabad,Gujarat Titans,Sunrisers Hyderabad,bat,Gujarat Titans,wickets,7.0,163.0,20.0,N,,HAS Khalid,VK Sharma,1422130,163,Gujarat Titans,1,177.8235294117647,0.9166391002315581,"(0.876, 1.01]"
1422132,2024,Mumbai,2024-04-01,League,TA Boult,"Wankhede Stadium, Mumbai",Mumbai Indians,Rajasthan Royals,Rajasthan Royals,field,Rajasthan Royals,wickets,6.0,126.0,20.0,N,,MV Saidharshan Kumar,YC Barde,1422132,126,Rajasthan Royals,1,176.07894736842104,0.7155881034225079,"(0.609, 0.743]"
1422133,2024,Bengaluru,2024-04-02,League,MP Yadav,"M Chinnaswamy Stadium, Bengaluru",Lucknow Super Giants,Royal Challengers Bengaluru,Royal Challengers Bengaluru,field,Lucknow Super Giants,runs,28.0,182.0,20.0,N,,J Madanagopal,NA Patwardhan,1422133,182,Royal Challengers Bengaluru,0,192.88888888888889,0.9435483870967742,"(0.876, 1.01]"
1422134,2024,Visakhapatnam,2024-04-03,League,SP Narine,"Dr. Y.S. Rajasekhara Reddy ACA-VDCA Cricket Stadium, Visakhapatnam",Kolkata Knight Riders,Delhi Capitals,Kolkata Knight Riders,bat,Kolkata Knight Riders,runs,106.0,273.0,20.0,N,,A Totre,UV Gandhe,1422134,273,Delhi Capitals,0,192.0,1.421875,"(1.41, 1.544]"
1422135,2024,Ahmedabad,2024-04-04,League,Shashank Singh,"Narendra Modi Stadium, Ahmedabad",Gujarat Titans,Punjab Kings,Punjab Kings,field,Punjab Kings,wickets,3.0,200.0,20.0,N,,Nitin Menon,VA Kulkarni,1422135,200,Punjab Kings,1,177.0,1.1299435028248588,"(1.01, 1.143]"
1422136,2024,Hyderabad,2024-04-05,League,Abhishek Sharma,"Rajiv Gandhi International Stadium, Uppal, Hyderabad",Chennai Super Kings,Sunrisers Hyderabad,Sunrisers Hyderabad,field,Sunrisers Hyderabad,wickets,6.0,166.0,20.0,N,,R Pandit,YC Barde,1422136,166,Sunrisers Hyderabad,1,188.25,0.8818061088977424,"(0.876, 1.01]"
1422137,2024,Jaipur,2024-04-06,League,JC Buttler,"Sawai Mansingh Stadium, Jaipur",Royal Challengers Bengaluru,Rajasthan Royals,Rajasthan Royals,field,Rajasthan Royals,wickets,6.0,184.0,20.0,N,,AG Wharf,Tapan Sharma,1422137,184,Rajasthan Royals,1,177.71428571428572,1.035369774919614,"(1.01, 1.143]"
1422138,2024,Mumbai,2024-04-07,League,R Shepherd,"Wankhede Stadium, Mumbai",Mumbai Indians,Delhi Capitals,Delhi Capitals,field,Mumbai Indians,runs,29.0,235.0,20.0,N,,HDPK Dharmasena,UV Gandhe,1422138,235,Delhi Capitals,0,174.7948717948718,1.3444330350594103,"(1.277, 1.41]"
1422139,2024,Lucknow,2024-04-07,League,Yash Thakur,"Bharat Ratna Shri Atal Bihari Vajpayee Ekana Cricket Stadium, Lucknow",Lucknow Super Giants,Gujarat Titans,Lucknow Super Giants,bat,Lucknow Super Giants,runs,33.0,164.0,20.0,N,,A Nand Kishore,VK Sharma,1422139,164,Gujarat Titans,0,155.375,1.0555108608205954,"(1.01, 1.143]"
1426260,2024,Chennai,2024-04-08,League,RA Jadeja,"MA Chidambaram Stadium, Chepauk, Chennai",Kolkata Knight Riders,Chennai Super Kings,Chennai Super Kings,field,Chennai Super Kings,wickets,7.0,138.0,20.0,N,,AK Chaudhary,MV Saidharshan Kumar,1426260,138,Chennai Super Kings,1,165.61904761904762,0.8332374928119609,"(0.743, 0.876]"
1426261,2024,Mohali,2024-04-09,League,Nithish Kumar Reddy,"Maharaja Yadavindra Singh International Cricket Stadium, Mullanpur",Sunrisers Hyderabad,Punjab Kings,Punjab Kings,field,Sunrisers Hyderabad,runs,2.0,183.0,20.0,N,,Navdeep Singh,NA Patwardhan,1426261,183,Punjab Kings,0,175.0,1.0457142857142858,"(1.01, 1.143]"
1426262,2024,Jaipur,2024-04-10,League,Rashid Khan,"Sawai Mansingh Stadium, Jaipur",Rajasthan Royals,Gujarat Titans,Gujarat Titans,field,Gujarat Titans,wickets,3.0,197.0,20.0,N,,HDPK Dharmasena,Vinod Seshan,1426262,197,Gujarat Titans,1,178.5,1.1036414565826331,"(1.01, 1.143]"
1426263,2024,Mumbai,2024-04-11,League,JJ Bumrah,"Wankhede Stadium, Mumbai",Royal Challengers Bengaluru,Mumbai Indians,Mumbai Indians,field,Mumbai Indians,wickets,7.0,197.0,20.0,N,,Nitin Menon,VA Kulkarni,1426263,197,Mumbai Indians,1,176.3,1.1174134997163925,"(1.01, 1.143]"
1426264,2024,Lucknow,2024-04-12,League,Kuldeep Yadav,"Bharat Ratna Shri Atal Bihari Vajpayee Ekana Cricket Stadium, Lucknow",Lucknow Super Giants,Delhi Capitals,Lucknow Super Giants,bat,Delhi Capitals,wickets,6.0,168.0,20.0,N,,R Pandit,YC Barde,1426264,168,Delhi Capitals,1,156.33333333333334,1.0746268656716418,"(1.01, 1.143]"
1426265,2024,Mohali,2024-04-13,League,SO Hetmyer,"Maharaja Yadavindra Singh International Cricket Stadium, Mullanpur",Punjab Kings,Rajasthan Royals,Rajasthan Royals,field,Rajasthan Royals,wickets,3.0,148.0,20.0,N,,AK Chaudhary,Tapan Sharma,1426265,148,Rajasthan Royals,1,179.0,0.8268156424581006,"(0.743, 0.876]"
1426266,2024,Kolkata,2024-04-14,League,PD Salt,"Eden Gardens, Kolkata",Lucknow Super Giants,Kolkata Knight Riders,Kolkata Knight Riders,field,Kolkata Knight Riders,wickets,8.0,162.0,20.0,N,,A Totre,Vinod Seshan,1426266,162,Kolkata Knight Riders,1,196.3,0.8252674477840041,"(0.743, 0.876]"
1426267,2024,Mumbai,2024-04-14,League,M Pathirana,"Wankhede Stadium, Mumbai",Chennai Super Kings,Mumbai Indians,Mumbai Indians,field,Chennai Super Kings,runs,20.0,207.0,20.0,N,,Nitin Menon,HAS Khalid,1426267,207,Mumbai Indians,0,176.8048780487805,1.1707821768519795,"(1.143, 1.277]"
1426268,2024,Bengaluru,2024-04-15,League,TM Head,"M Chinnaswamy Stadium, Bengaluru",Sunrisers Hyderabad,Royal Challengers Bengaluru,Royal Challengers Bengaluru,field,Sunrisers Hyderabad,runs,25.0,288.0,20.0,N,,AK Chaudhary,R Pandit,1426268,288,Royal Challengers Bengaluru,0,191.8,1.5015641293013555,"(1.41, 1.544]"
1426269,2024,Kolkata,2024-04-16,League,JC Buttler,"Eden Gardens, Kolkata",Kolkata Knight Riders,Rajasthan Royals,Rajasthan Royals,field,Rajasthan Royals,wickets,2.0,224.0,20.0,N,,MA Gough,UV Gandhe,1426269,224,Rajasthan Royals,1,193.1818181818182,1.159529411764706,"(1.143, 1.277]"
1426270,2024,Ahmedabad,2024-04-17,League,RR Pant,"Narendra Modi Stadium, Ahmedabad",Gujarat Titans,Delhi Capitals,Delhi Capitals,field,Delhi Capitals,wickets,6.0,90.0,20.0,N,,NA Patwardhan,VK Sharma,1426270,90,Delhi Capitals,1,178.21052631578948,0.5050206733608978,"(0.476, 0.609]"
1426271,2024,Mohali,2024-04-18,League,JJ Bumrah,"Maharaja Yadavindra Singh International Cricket Stadium, Mullanpur",Mumbai Indians,Punjab Kings,Punjab Kings,field,Mumbai Indians,runs,9.0,193.0,20.0,N,,A Nand Kishore,VA Kulkarni,1426271,193,Punjab Kings,0,168.66666666666666,1.1442687747035574,"(1.143, 1.277]"
1426272,2024,Lucknow,2024-04-19,League,KL Rahul,"Bharat Ratna Shri Atal Bihari Vajpayee Ekana Cricket Stadium, Lucknow",Chennai Super Kings,Lucknow Super Giants,Lucknow Super Giants,field,Lucknow Super Giants,wickets,8.0,177.0,20.0,N,,AK Chaudhary,R Pandit,1426272,177,Lucknow Super Giants,1,157.5,1.1238095238095238,"(1.01, 1.143]"
1426273,2024,Delhi,2024-04-20,League,TM Head,"Arun Jaitley Stadium, Delhi",Sunrisers Hyderabad,Delhi Capitals,Delhi Capitals,field,Sunrisers Hyderabad,runs,67.0,267.0,20.0,N,,J Madanagopal,Navdeep Singh,1426273,267,Delhi Capitals,0,183.63636363636363,1.4539603960396041,"(1.41, 1.544]"
1426274,2024,Kolkata,2024-04-21,League,AD Russell,"Eden Gardens, Kolkata",Kolkata Knight Riders,Royal Challengers Bengaluru,Royal Challengers Bengaluru,field,Kolkata Knight Riders,runs,1.0,223.0,20.0,N,,A Totre,Vinod Seshan,1426274,223,Royal Challengers Bengaluru,0,195.75,1.1392081736909323,"(1.01, 1.143]"
1426275,2024,Mohali,2024-04-21,League,R Sai Kishore,"Maharaja Yadavindra Singh International Cricket Stadium, Mullanpur",Punjab Kings,Gujarat Titans,Punjab Kings,bat,Gujarat Titans,wickets,3.0,143.0,20.0,N,,A Nand Kishore,VA Kulkarni,1426275,143,Gujarat Titans,1,174.75,0.8183118741058655,"(0.743, 0.876]"
1426276,2024,Jaipur,2024-04-22,League,Sandeep Sharma,"Sawai Mansingh Stadium, Jaipur",Mumbai Indians,Rajasthan Royals,Mumbai Indians,bat,Rajasthan Royals,wickets,9.0,180.0,20.0,N,,AK Chaudhary,MV Saidharshan Kumar,1426276,180,Rajasthan Royals,1,180.55555555555554,0.996923076923077,"(0.876, 1.01]"
1426277,2024,Chennai,2024-04-23,League,MP Stoinis,"MA Chidambaram Stadium, Chepauk, Chennai",Chennai Super Kings,Lucknow Super Giants,Lucknow Super Giants,field,Lucknow Super Giants,wickets,6.0,211.0,20.0,N,,NA Patwardhan,Tapan Sharma,1426277,211,Lucknow Super Giants,1,164.36363636363637,1.2837389380530972,"(1.277, 1.41]"
1426278,2024,Delhi,2024-04-24,League,RR Pant,"Arun Jaitley Stadium, Delhi",Delhi Capitals,Gujarat Titans,Gujarat Titans,field,Delhi Capitals,runs,4.0,225.0,20.0,N,,KN Ananthapadmanabhan,UV Gandhe,1426278,225,Gujarat Titans,0,190.58333333333334,1.1805859204197637,"(1.143, 1.277]"
1426279,2024,Hyderabad,2024-04-25,League,RM Patidar,"Rajiv Gandhi International Stadium, Uppal, Hyderabad",Royal Challengers Bengaluru,Sunrisers Hyderabad,Royal Challengers Bengaluru,bat,Royal Challengers Bengaluru,runs,35.0,207.0,20.0,N,,Nitin Menon,HAS Khalid,1426279,207,Sunrisers Hyderabad,0,185.77777777777777,1.1142344497607657,"(1.01, 1.143]"
1426280,2024,Kolkata,2024-04-26,League,JM Bairstow,"Eden Gardens, Kolkata",Kolkata Knight Riders,Punjab Kings,Punjab Kings,field,Punjab Kings,wickets,8.0,262.0,20.0,N,,AK Chaudhary,YC Barde,1426280,262,Punjab Kings,1,197.84615384615384,1.3242612752721619,"(1.277, 1.41]"
1426281,2024,Delhi,2024-04-27,League,J Fraser-McGurk,"Arun Jaitley Stadium, Delhi",Delhi Capitals,Mumbai Indians,Mumbai Indians,field,Delhi Capitals,runs,10.0,258.0,20.0,N,,Navdeep Singh,NA Patwardhan,1426281,258,Mumbai Indians,0,193.23076923076923,1.3351910828025477,"(1.277, 1.41]"
1426282,2024,Lucknow,2024-04-27,League,SV Samson,"Bharat Ratna Shri Atal Bihari Vajpayee Ekana Cricket Stadium, Lucknow",Lucknow Super Giants,Rajasthan Royals,Rajasthan Royals,field,Rajasthan Royals,wickets,7.0,197.0,20.0,N,,KN Ananthapadmanabhan,MA Gough,1426282,197,Rajasthan Royals,1,159.27272727272728,1.2368721461187213,"(1.143, 1.277]"
1426283,2024,Ahmedabad,2024-04-28,League,WG Jacks,"Narendra Modi Stadium, Ahmedabad",Gujarat Titans,Royal Challengers Bengaluru,Royal Challengers Bengaluru,field,Royal Challengers Bengaluru,wickets,9.0,201.0,20.0,N,,Nitin Menon,VK Sharma,1426283,201,Royal Challengers Bengaluru,1,173.8,1.1565017261219792,"(1.143, 1.277]"
1426284,2024,Chennai,2024-04-28,League,RD Gaikwad,"MA Chidambaram Stadium, Chepauk, Chennai",Chennai Super Kings,Sunrisers Hyderabad,Sunrisers Hyderabad,field,Chennai Super Kings,runs,78.0,213.0,20.0,N,,R Pandit,MV Saidharshan Kumar,1426284,213,Sunrisers Hyderabad,0,166.3913043478261,1.2801149725633656,"(1.277, 1.41]"
1426285,2024,Kolkata,2024-04-29,League,CV Varun,"Eden Gardens, Kolkata",Delhi Capitals,Kolkata Knight Riders,Delhi Capitals,bat,Kolkata Knight Riders,wickets,7.0,154.0,20.0,N,,Navdeep Singh,Tapan Sharma,1426285,154,Kolkata Knight Riders,1,202.42857142857142,0.7607621736062103,"(0.743, 0.876]"
1426286,2024,Lucknow,2024-04-30,League,MP Stoinis,"Bharat Ratna Shri Atal Bihari Vajpayee Ekana Cricket Stadium, Lucknow",Mumbai Indians,Lucknow Super Giants,Lucknow Super Giants,field,Lucknow Super Giants,wickets,4.0,145.0,20.0,N,,MA Gough,UV Gandhe,1426286,145,Lucknow Super Giants,1,162.41666666666666,0.8927655207798871,"(0.876, 1.01]"
1426287,2024,Chennai,2024-05-01,League,Harpreet Brar,"MA Chidambaram Stadium, Chepauk, Chennai",Chennai Super Kings,Punjab Kings,Punjab Kings,field,Punjab Kings,wickets,7.0,163.0,20.0,N,,HAS Khalid,VK Sharma,1426287,163,Punjab Kings,1,168.33333333333334,0.9683168316831683,"(0.876, 1.01]"
1426288,2024,Hyderabad,2024-05-02,League,B Kumar,"Rajiv Gandhi International Stadium, Uppal, Hyderabad",Sunrisers Hyderabad,Rajasthan Royals,Sunrisers Hyderabad,bat,Sunrisers Hyderabad,runs,1.0,202.0,20.0,N,,AK Chaudhary,YC Barde,1426288,202,Rajasthan Royals,0,187.9,1.0750399148483236,"(1.01, 1.143]"
1426289,2024,Mumbai,2024-05-03,League,VR Iyer,"Wankhede Stadium, Mumbai",Kolkata Knight Riders,Mumbai Indians,Mumbai Indians,field,Kolkata Knight Riders,runs,24.0,170.0,20.0,N,,J Madanagopal,Tapan Sharma,1426289,170,Mumbai Indians,0,177.52380952380952,0.957618025751073,"(0.876, 1.01]"
1426290,2024,Bengaluru,2024-05-04,League,Mohammed Siraj,"M Chinnaswamy Stadium, Bengaluru",Gujarat Titans,Royal Challengers Bengaluru,Royal Challengers Bengaluru,field,Royal Challengers Bengaluru,wickets,4.0,148.0,20.0,N,,A Totre,Vinod Seshan,1426290,148,Royal Challengers Bengaluru,1,200.54545454545453,0.7379873073436084,"(0.609, 0.743]"
1426291,2024,Dharamsala,2024-05-05,League,RA Jadeja,"Himachal Pradesh Cricket Association Stadium, Dharamsala",Chennai Super Kings,Punjab Kings,Punjab Kings,field,Chennai Super Kings,runs,28.0,168.0,20.0,N,,A Nand Kishore,VA Kulkarni,1426291,168,Punjab Kings,0,201.0,0.835820895522388,"(0.743, 0.876]"
1426292,2024,Lucknow,2024-05-05,League,SP Narine,"Bharat Ratna Shri Atal Bihari Vajpayee Ekana Cricket Stadium, Lucknow",Kolkata Knight Riders,Lucknow Super Giants,Lucknow Super Giants,field,Kolkata Knight Riders,runs,98.0,236.0,20.0,N,,MV Saidharshan Kumar,YC Barde,1426292,236,Lucknow Super Giants,0,161.07692307692307,1.4651384909264566,"(1.41, 1.544]"
1426293,2024,Mumbai,2024-05-06,League,SA Yadav,"Wankhede Stadium, Mumbai",Sunrisers Hyderabad,Mumbai Indians,Mumbai Indians,field,Mumbai Indians,wickets,7.0,174.0,20.0,N,,Navdeep Singh,Tapan Sharma,1426293,174,Mumbai Indians,1,177.34883720930233,0.981117230527144,"(0.876, 1.01]"
1426294,2024,Delhi,2024-05-07,League,Kuldeep Yadav,"Arun Jaitley Stadium, Delhi",Delhi Capitals,Rajasthan Royals,Rajasthan Royals,field,Delhi Capitals,runs,20.0,222.0,20.0,N,,KN Ananthapadmanabhan,UV Gandhe,1426294,222,Rajasthan Royals,0,197.85714285714286,1.1220216606498195,"(1.01, 1.143]"
1426295,2024,Hyderabad,2024-05-08,League,TM Head,"Rajiv Gandhi International Stadium, Uppal, Hyderabad",Lucknow Super Giants,Sunrisers Hyderabad,Lucknow Super Giants,bat,Sunrisers Hyderabad,wickets,10.0,166.0,20.0,N,,MV Saidharshan Kumar,YC Barde,1426295,166,Sunrisers Hyderabad,1,189.1818181818182,0.877462758289284,"(0.876, 1.01]"
1426296,2024,Dharamsala,2024-05-09,League,V Kohli,"Himachal Pradesh Cricket Association Stadium, Dharamsala",Royal Challengers Bengaluru,Punjab Kings,Punjab Kings,field,Royal Challengers Bengaluru,runs,60.0,242.0,20.0,N,,Nitin Menon,HAS Khalid,1426296,242,Punjab Kings,0,190.0,1.2736842105263158,"(1.143, 1.277]"
1426297,2024,Ahmedabad,2024-05-10,League,Shubman Gill,"Narendra Modi Stadium, Ahmedabad",Gujarat Titans,Chennai Super Kings,Chennai Super Kings,field,Gujarat Titans,runs,35.0,232.0,20.0,N,,KN Ananthapadmanabhan,NA Patwardhan,1426297,232,Chennai Super Kings,0,175.0952380952381,1.324993200979059,"(1.277, 1.41]"
1426298,2024,Kolkata,2024-05-11,League,CV Varun,"Eden Gardens, Kolkata",Kolkata Knight Riders,Mumbai Indians,Mumbai Indians,field,Kolkata Knight Riders,runs,18.0,158.0,16.0,N,,UV Gandhe,Vinod Seshan,1426298,158,Mumbai Indians,0,199.2,0.7931726907630523,"(0.743, 0.876]"
1426299,2024,Chennai,2024-05-12,League,Simarjeet Singh,"MA Chidambaram Stadium, Chepauk, Chennai",Rajasthan Royals,Chennai Super Kings,Rajasthan Royals,bat,Chennai Super Kings,wickets,5.0,142.0,20.0,N,,R Pandit,YC Barde,1426299,142,Chennai Super Kings,1,168.12,0.8446347846776112,"(0.743, 0.876]"
1426300,2024,Bengaluru,2024-05-12,League,C Green,"M Chinnaswamy Stadium, Bengaluru",Royal Challengers Bengaluru,Delhi Capitals,Delhi Capitals,field,Royal Challengers Bengaluru,runs,47.0,188.0,20.0,N,,A Nand Kishore,VA Kulkarni,1426300,188,Delhi Capitals,0,196.16666666666666,0.9583687340696687,"(0.876, 1.01]"
1426302,2024,Delhi,2024-05-14,League,I Sharma,"Arun Jaitley Stadium, Delhi",Delhi Capitals,Lucknow Super Giants,Lucknow Super Giants,field,Delhi Capitals,runs,19.0,209.0,20.0,N,,A Totre,Vinod Seshan,1426302,209,Lucknow Super Giants,0,199.46666666666667,1.0477941176470589,"(1.01, 1.143]"
1426303,2024,Guwahati,2024-05-15,League,SM Curran,"Barsapara Cricket Stadium, Guwahati",Rajasthan Royals,Punjab Kings,Rajasthan Royals,bat,Punjab Kings,wickets,5.0,145.0,20.0,N,,R Pandit,MV Saidharshan Kumar,1426303,145,Punjab Kings,1,199.0,0.7286432160804021,"(0.609, 0.743]"
1426305,2024,Mumbai,2024-05-17,League,N Pooran,"Wankhede Stadium, Mumbai",Lucknow Super Giants,Mumbai Indians,Mumbai Indians,field,Lucknow Super Giants,runs,18.0,215.0,20.0,N,,Navdeep Singh,R Pandit,1426305,215,Mumbai Indians,0,177.27272727272728,1.2128205128205127,"(1.143, 1.277]"
1426306,2024,Bengaluru,2024-05-18,League,F du Plessis,"M Chinnaswamy Stadium, Bengaluru",Royal Challengers Bengaluru,Chennai Super Kings,Chennai Super Kings,field,Royal Challengers Bengaluru,runs,27.0,219.0,20.0,N,,A Totre,KN Ananthapadmanabhan,1426306,219,Chennai Super Kings,0,195.53846153846155,1.1199842643587725,"(1.01, 1.143]"
1426307,2024,Hyderabad,2024-05-19,League,Abhishek Sharma,"Rajiv Gandhi International Stadium, Uppal, Hyderabad",Punjab Kings,Sunrisers Hyderabad,Punjab Kings,bat,Sunrisers Hyderabad,wickets,4.0,215.0,20.0,N,,Nitin Menon,VK Sharma,1426307,215,Sunrisers Hyderabad,1,187.25,1.1481975967957276,"(1.143, 1.277]"
1426309,2024,Ahmedabad,2024-05-21,Qualifier 1,MA Starc,"Narendra Modi Stadium, Ahmedabad",Sunrisers Hyderabad,Kolkata Knight Riders,Sunrisers Hyderabad,bat,Kolkata Knight Riders,wickets,8.0,160.0,20.0,N,,AK Chaudhary,R Pandit,1426309,160,Kolkata Knight Riders,1,177.6818181818182,0.900486057815298,"(0.876, 1.01]"
1426310,2024,Ahmedabad,2024-05-22,Eliminator,R Ashwin,"Narendra Modi Stadium, Ahmedabad",Royal Challengers Bengaluru,Rajasthan Royals,Rajasthan Royals,field,Rajasthan Royals,wickets,4.0,173.0,20.0,N,,KN Ananthapadmanabhan,MV Saidharshan Kumar,1426310,173,Rajasthan Royals,1,176.91304347826087,0.977881543376751,"(0.876, 1.01]"
1426311,2024,Chennai,2024-05-24,Qualifier 2,Shahbaz Ahmed,"MA Chidambaram Stadium, Chepauk, Chennai",Sunrisers Hyderabad,Rajasthan Royals,Rajasthan Royals,field,Sunrisers Hyderabad,runs,36.0,176.0,20.0,N,,Nitin Menon,VK Sharma,1426311,176,Rajasthan Royals,0,167.1153846153846,1.0531645569620254,"(1.01, 1.143]"
1426312,2024,Chennai,2024-05-26,Final,MA Starc,"MA Chidambaram Stadium, Chepauk, Chennai",Sunrisers Hyderabad,Kolkata Knight Riders,Sunrisers Hyderabad,bat,Kolkata Knight Riders,wickets,8.0,114.0,20.0,N,,J Madanagopal,Nitin Menon,1426312,114,Kolkata Knight Riders,1,167.44444444444446,0.6808228268082283,"(0.609, 0.743]"
